"Save $2.00 ONE Downy Liquid Fabric Conditioner 72 ld or larger (includes Downy Odor Protect 48 oz or larger OR Downy Wrinkle Guard 40 oz or larger OR Downy Nature Blends 67 oz or larger) OR Bounce/Downy Sheets 130 ct or larger (includes Bounce/Downy Wrinkle Guard 80 ct or larger) OR In Wash Scent Boosters 8.6 oz or larger (includes Downy Unstopables, Fresh Protect, Odor Protect, and Infusions) (excludes Downy Libre Enjuague, Gain Fireworks, and trial/travel size)."
"Save $2.00 ONE Tide PODS OR Tide Power PODS (excludes Tide Liquid/Powder Laundry Detergent, Tide Simply, Tide Simply PODS, and Tide PODS 9 ct and below, and trial/travel size)."
"Save $2.00 ONE Tide Laundry Detergent (excludes Tide Purclean Laundry Detergent, Studio by Tide Laundry Detergent, Tide PODS, Tide Rescue, Tide Simply Laundry Detergent, Tide Simply PODS, Tide Detergent 10 oz and trial/travel size)."
SAVE $1.00 ON TWO when you buy TWO BOXES (8.9 - 15.2 OZ. EXCLUDES LARGE SIZE) any flavor/variety General Mills cereal listed: *
"$3.00 OFF when you purchase any THREE (3) Pepperidge Farm® Farmhouse buns, bread, or cookies"
"SAVE $1.11 when you buy any ONE (1) Familly Size OREO, CHIPS AHOY! or NUTTER BUTTER Cookies (12.1 - 20 oz.)"
"SAVE $1.00 ON TWO when you buy TWO PACKAGES any flavor 5 COUNT OR LARGER Nature Valley™ Granola Bars, Biscuits, *"
Save $1.00 on any TWO (2) Sargento® Natural Cheese Slices
$0.65 OFF On Any ONE (1) Oikos Greek Yogurt Cup (Excluding Oikos Triple Zero)
"$2.00 OFF ONE (1) SMALL bag of Eight O'Clock® Coffee, Any variety 10 oz. - 12 oz. (excluding Barista Blends)"
"Save $0.50 ONE Tide Simply Laundry Detergent 34 oz OR 31 oz OR Tide Simply PODS 13 ct OR Downy Liquid Fabric Conditioner 40 ld OR Bounce/Downy Sheets 40 ct TO 60 ct OR In-Wash Scent Boosters 4.3 oz OR ERA Laundry Detergent 50 oz or smaller (includes Downy Unstopables, Fresh Protect, and Odor Protect) (excludes Bounce/Downy Wrinkle Guard Sheets, Downy Libre Enjuague, Gain Fireworks, and trial/travel size)."
"SAVE $1.00 ON TWO when you buy TWO BOXES any flavor/variety Betty Crocker™ Fruit Shapes, Fruit by the Foot™, *"
$0.50 OFF on ONE (1) Frigo® Cheese Heads® 8ct or larger Snack Cheese Product
Save $0.50 off ONE (1) jar of Pace® Salsa or Picante Sauce
$1.00 OFF on any THREE (3) noosa® yoghurts
Save $1.00 on any ONE (1) Gardein™ Frozen Item
"Save $1.00 ONE Gain Flings 12 ct TO 26 ct OR Gain Liquid Laundry Detergent (Includes Gain Botanicals and Gain Essential Oils) OR Gain Powder Laundry Detergent (excludes Gain Ultra Flings, Gain Fabric Enhancers, Gain Fireworks, Gain Flings 9 ct and trial/travel size)."
Save $0.50 on any ONE (1) pack of Energizer® Batteries
"SAVE $2.00 on TWO (2) Purina® Beggin®, Busy® or DentaLife® Dog Treats or Chews, any size, any variety"
"Save $0.50 on any one (1) Pine-Sol® product, 40oz+"
SAVE $1.00 ON ONE when you buy ONE PACKAGE any flavor/variety Cascadian Farm™ Cereal or Granola
SAVE $1.25 on any ONE (1) crunchy Crunchmaster® Crackers or Snacks
Save $2.00 ONE Dreft Newborn Laundry Detergent OR Dreft Active Baby Laundry Detergent OR Dreft Pure Gentleness Laundry Detergent (excludes trial/travel size).
$1.00 OFF any THREE (3) Happy Baby Organics &amp; Happy Tot Organics pouches
Save $1.00 on any ONE (1) Udi's® Frozen Item
"Save $1.00 ONE Downy Liquid Fabric Conditioner 48ld to 60ld (Includes Downy Odor Protect 32oz OR Downy Wrinkle Guard 25oz OR Downy Nature Blends 44 oz) OR Bounce/Downy Sheets 70ct to 120ct(Includes Bounce/Downy Wrinkle Guard 40ct to 60ct) OR In Wash Scent Boosters 5.7oz (includes Downy Unstopables, Fresh Protect, Odor Protect, and Infusions) OR Bounce Rapid Touch-up 3 in 1 Spray OR Downy Wrinkle Releaser Spray (excludes Downy Libre Enjuague and trial/travel size)"
"Save $1.00 ONE Gain Liquid Fabric Softener 48 ld or larger (includes Gain Botanicals) OR Gain Fireworks In Wash Scent Boosters 5.7 oz or larger OR Gain Dryer Sheets 105 ct or larger (excludes Gain Flings, Gain Detergent and trial/travel size)."
"$1.00 OFF on any ONE (1) Tillamook® Ice Cream Product, 56 oz."
"Save $1.00 on Any ONE (1) BENADRYL® 20ct, 24ct or 4oz product (excludes topical, trial &amp; travel sizes)"
"Save $1.00 ONE Oral-B Glide Manual Floss, Floss Picks, Interdental Brush OR Interdental Picks (excludes trial/travel size)."
"$1.00 OFF TWO (2) Atkins® Bars, Shakes or Treats"
Save $1.00 ONE Prilosec OTC Product.
"$0.75 OFF any ONE (1) Lily’s Chocolate Bar, Chocolate Candy or Baking Chips"
"Save $1.00 ONE Tide Simply Laundry Detergent 50 oz or larger OR ERA Laundry Detergent 75 oz or larger (excludes Tide Detergent, Tide PODS, Tide Simply PODS, and trial/travel size)."
Save $3.00 ONE Venus OR Daisy Disposable 2 ct or larger (excludes Daisy 2 ct).
"Save $2.00 ONE Tampax Pearl, Radiant OR PURE Tampons (14 ct or higher)."
"Save $4.00 when you buy ONE (1) Adult ZYRTEC® product, any variety (24-45ct). Excludes trial &amp; travel sizes"
"Save $2.00 ONE Always Radiant, Infinity, PURE, Pure Cotton, Ultra, OR Maxi Pads 10 ct OR higher (excludes Always Liners and Always Discreet)."
"SAVE 55¢ on any ONE (1) OFF!® Product&nbsp;(Excludes Club Packs, Twin Packs, 2 oz. and 2.5oz. OFF!® Products)"
"SAVE $1.50 on any ONE (1) Glade® 3-Wick Candles, Twin Pack 3.4oz Candles, PIugIn® Scented Oil Refill Pack, or Large Automatic Refills Only (Excludes 1 Count 3.4oz Candles and PlugIns® Scented Oil Warmer Only packs)"
$4.00 OFF on any ONE (1) 12ct. multipack SHEBA® PERFECT PORTIONS™ Premium Cat Food
"Save $3.00 ONE Crest Gum Detoxify, Gum &amp; Enamel Repair, OR Gum &amp; Sensitivity 3.0 oz or larger (excludes all other variants, kids, and trial/travel size)."
"Get $2.00 off any ONE (1) Bag of PULL-UPS® Training Pants (27 ct. or lower, not valid on trial packs)"
"$4.00 OFF on ONE (1) Allegra® Allergy 24ct or larger, Allegra-D®, or Children's Allegra® Product"
"Save $2.00 ONE Gain Flings 30 ct or larger OR Gain Ultra Flings 18 ct or larger (excludes Gain Liquid/Powder Laundry Detergent, Gain Fabric Enhancers, Gain Fireworks, Gain Flings 9 ct and trial/travel size)."
"Save $2.00 ONE Tide Purclean Laundry Detergent (excludes Studio by Tide Laundry Detergent, Tide Detergent, Tide PODS, Tide Rescue, Tide Simply Laundry Detergent, Tide Simply PODS, Tide Detergent 10 oz and trial/travel size)."
"$2.00 OFF ONE (1) Starbucks® K-Cup® Coffee with Essential Vitamins, Coffee with Golden Turmeric, or Coffee with 2X Caffeine Product"
"Save $5.00 off any ONE (1) Claritin® up to 55ct, excludes 60ct or larger"
Save $2.00 ONE Dreft Blissfuls In Wash Scent Boosters 8.6 oz or larger (excludes trial/travel size).
Save $3.00 ONE (1) Nexium® 24HR 28ct or larger
Save $2.00 on any ONE (1) Aleve® or Aleve®PM product 40ct. or larger (excludes Aleve-D®)
"Save $2.00 ONE Always DISCREET Incontinence Product (excludes other Always Products, Always Discreet Boutique and trial/travel size)."
$1.50 Off any ONE (1) Mighty Spark All-Natural Poultry Patties or Ground Chicken
Save $1.50 on any ONE (1) package of HUGGIES® LITTLE SWIMMERS® Disposable Swimpants (10 ct. or larger)
"Save $2.00 ONE Tide Antibacterial Spray (excludes Tide Stain Pen, Tide Rescue, Tide Laundry Detergent, Tide PODS and trial/travel size)."
"Save $3.00 on any ONE (1) package of POISE® Ultra Thin Pads or Active Collection® Pads or Liners (Reg Pack only) (Not valid on other Poise® Pads, Liners or Impressa® Products)"
Get $3.00 off any ONE (1) Box of PULL-UPS® Training Pants (40 ct. or higher)
Save $2.00 ONE Venus Razor (excludes disposables).
"Save $1.00 ONE Tide Simply PODS 20 ct or larger (excludes Tide detergent, Tide Simply Detergent, Tide PODS, and trial/travel size)"
Save $8.00 on ONE (1) Claritin® Tabs or Liqui-Gels® 60ct or larger
SAVE $3.00 ONLY On Colgate® Optic White® Renewal Toothpaste (3.0 oz. or larger)
SAVE $0.75 on ONE (1) Sabra® Dark Chocolate Dessert Dip &amp; Spread
$1.50 OFF on ONE (1) pint of N!ck's Ice Cream
Save $3.00 off any ONE (1) Children's Claritin® Syrup 4oz or larger
SAVE 55¢ on any ONE (1) Raid® Essential Oils Product&nbsp;(Excludes Raid® Club Packs and Twin Packs)
$5.00 OFF on any ONE (1) Osteo Bi-Flex® product (28ct or larger)
Save $3.00 ONE Always DISCREET Boutique Product (excludes other Always Products and trial/travel size).
SAVE $0.75 on ONE (1) Sabra® Veggie Dip
SAVE $3.00 on any ONE (1) Florastor product
$1.00 OFF on any ONE (1) Reser's Deli Sides 12-14oz Item
"Save $5.00 on ONE (1) NUTRO™ WHOLESOME ESSENTIALS™ Dry Cat Food bag, any size"
Save $5.00 ONE Oral-B Vitality OR Pro 500 Rechargeable Electric Toothbrush.
"Save $4.00 ONE Olay Facial Moisturizer (excludes Serums, Complete, Active Hydrating and trial/travel size)."
Save $1.00 ONE Burts Bees Adult Toothpaste (excludes trial/travel size).
Save $4.00 ONE Venus Blade Refill (4 ct or larger).
"Save $1.00 TWO Old Spice Anti-Perspirant/Deodorant, Body Wash OR Bar Soap (excludes twin packs, High Endurance, Body Spray and Invisible Spray and trial/travel size)."
Save $2.00 ONE Olay Facial Cleanser (excludes trial/travel size).
Save $0.75 ONE Burts Bees Kids Toothpaste (excludes trial/travel size).
Save $4.00 ONE Gillette Blade Refill (4 ct or larger).
Save $3.00 ONE Gillette Disposable 2 ct or larger (excludes Sensor 2 ct and Venus Products).
"Save $2.00 ONE Gillette Razor (excludes Disposables, Venus Products and trial/travel size)."
"$5 1 Hot Bar Entree, 2 Sides, 1 Roll"
SAVE $1.00 on any TWO (2) Sargento® Natural Cheese Slices
SAVE $0.50 off ONE (1) jar of Pace® Salsa or Picante Sauce
FREE SEG MAC & CHEESE when you buy any two (2) SPAM® 12oz products and get TWO (2) FREE SEG MAC &amp; CHEESE (Max. Value $1.50)
"SAVE $1.00 ONE Gain Flings 12 ct TO 26 ct OR Gain Liquid Laundry Detergent (Includes Gain Botanicals and Gain Essential Oils) OR Gain Powder Laundry Detergent (excludes Gain Ultra Flings, Gain Fabric Enhancers, Gain Fireworks, Gain Flings 9 ct and trial/travel size)."
"SAVE $1.00 ONE Crest Toothpaste 3 oz or more (excludes 4.6 oz Crest Cavity, Regular, Base Baking Soda, Tartar Control/Protection, F&amp;W Pep Gleem, Gum Detoxify and Gum Enamel variants, Whitening Therapy variants, Kids and trial/travel size)."
"SAVE $2.00 ONE Tide Laundry Detergent (excludes Tide Purclean Laundry Detergent, Studio by Tide Laundry Detergent, Tide PODS, Tide Rescue, Tide Simply Laundry Detergent, Tide Simply PODS, Tide Detergent 10 oz and trial/travel size)."
$2.00 OFF any TWO (2) Starbucks® Nitro Cold Brew (9.6 oz can) or Starbucks® Frappucino (13.7 oz bottle) - mix and match
"SAVE $1.00 ONE Downy Liquid Fabric Conditioner 48ld to 60ld (Includes Downy Odor Protect 32oz OR Downy Wrinkle Guard 25oz OR Downy Nature Blends 44 oz) OR Bounce/Downy Sheets 70ct to 120ct(Includes Bounce/Downy Wrinkle Guard 40ct to 60ct) OR In Wash Scent Boosters 5.7oz (includes Downy Unstopables, Fresh Protect, Odor Protect, and Infusions) OR Bounce Rapid Touch-up 3 in 1 Spray OR Downy Wrinkle Releaser Spray (excludes Downy Libre Enjuague and trial/travel size)"
"SAVE $2.00 ONE Always Radiant, Infinity, PURE, Pure Cotton, Ultra, OR Maxi Pads 10 ct OR higher (excludes Always Liners and Always Discreet)."
"SAVE $0.50 ONE Tide Simply Laundry Detergent 34 oz OR 31 oz OR Tide Simply PODS 13 ct OR Downy Liquid Fabric Conditioner 40 ld OR Bounce/Downy Sheets 40 ct TO 60 ct OR In-Wash Scent Boosters 4.3 oz OR ERA Laundry Detergent 50 oz or smaller (includes Downy Unstopables, Fresh Protect, and Odor Protect) (excludes Bounce/Downy Wrinkle Guard Sheets, Downy Libre Enjuague, Gain Fireworks, and trial/travel size)."
SAVE $0.50 on any ONE (1) pack of Energizer® Batteries
$0.50 OFF on ONE (1) Frigo® Cheese Heads® 8ct or larger Snack Cheese Product
"SAVE $1.00 TWO Old Spice Anti-Perspirant/Deodorant, Body Wash OR Bar Soap (excludes twin packs, High Endurance, Body Spray and Invisible Spray and trial/travel size)."
"SAVE $2.00 ONE Tide PODS OR Tide Power PODS (excludes Tide Liquid/Powder Laundry Detergent, Tide Simply, Tide Simply PODS, and Tide PODS 9 ct and below, and trial/travel size)."
"SAVE $2.00 ONE Tampax Pearl, Radiant OR PURE Tampons (14 ct or higher)."
"SAVE $1.50 on any ONE (1) Glade® 3-Wick Candles, Twin Pack 3.4oz Candles, PIugIn® Scented Oil Refill Pack, or Large Automatic Refills Only (Excludes 1 Count 3.4oz Candles and PlugIns® Scented Oil Warmer Only packs)"
$1.00 OFF on any THREE (3) noosa® yoghurts
"SAVE $2.00 ONE Downy Liquid Fabric Conditioner 72 ld or larger (includes Downy Odor Protect 48 oz or larger OR Downy Wrinkle Guard 40 oz or larger OR Downy Nature Blends 67 oz or larger) OR Bounce/Downy Sheets 130 ct or larger (includes Bounce/Downy Wrinkle Guard 80 ct or larger) OR In Wash Scent Boosters 8.6 oz or larger (includes Downy Unstopables, Fresh Protect, Odor Protect, and Infusions) (excludes Downy Libre Enjuague, Gain Fireworks, and trial/travel size)."
"SAVE $2.00 on TWO (2) Purina® Beggin®, Busy® or DentaLife® Dog Treats or Chews, any size, any variety"
SAVE $1.00 on any TWO (2) boxes of Life cereal
SAVE $1.25 on any ONE (1) crunchy Crunchmaster® Crackers or Snacks
$1.00 OFF any THREE (3) Happy Baby Organics &amp; Happy Tot Organics pouches
"SAVE $1.00 ONE Gain Liquid Fabric Softener 48 ld or larger (includes Gain Botanicals) OR Gain Fireworks In Wash Scent Boosters 5.7 oz or larger OR Gain Dryer Sheets 105 ct or larger (excludes Gain Flings, Gain Detergent and trial/travel size)."
"SAVE $0.50 on any one (1) Pine-Sol® product, 40oz+"
"$0.25 OFF ONE (1) package of Keebler® Caramel Nut Dreams, Coconut Dreams, Strawberry Shortcake, or Hot Fudge Sundae cookies"
"SAVE $1.00 ONE Oral-B Glide Manual Floss, Floss Picks, Interdental Brush OR Interdental Picks (excludes trial/travel size)."
"SAVE $1.00 on Any ONE (1) BENADRYL® 20ct, 24ct or 4oz product (excludes topical, trial &amp; travel sizes)"
"GET $2.00 off any ONE (1) Bag of PULL-UPS® Training Pants (27 ct. or lower, not valid on trial packs)"
$1.00 OFF on any ONE (1) Reser's Deli Sides 12-14oz Item
SAVE $1.00 on any one (1) El Monterey® Single Serve Meals
"SAVE $2.00 ONE Always DISCREET Incontinence Product (excludes other Always Products, Always Discreet Boutique and trial/travel size)."
SAVE $3.00 ONE Gillette Disposable 2 ct or larger (excludes Sensor 2 ct and Venus Products).
"SAVE $0.50 On any ONE (1) GOOD FOODS Guacamole, Plant-based Dip, Dairy Dip, or Salsa"
SAVE $2.00 on any ONE (1) Aleve® or Aleve®PM product 40ct. or larger (excludes Aleve-D®)
"SAVE $1.00 on any ONE (1) Cheez-It® Baked Snack Crackers Caddy Pack (20 ct. or Larger, Any Flavor)"
"SAVE $1.00 ONE Tide Simply Laundry Detergent 50 oz or larger OR ERA Laundry Detergent 75 oz or larger (excludes Tide Detergent, Tide PODS, Tide Simply PODS, and trial/travel size)."
"SAVE 55¢ on any ONE (1) OFF!® Product(Excludes Club Packs, Twin Packs, 2 oz. and 2.5oz. OFF!® Products)"
SAVE $3.00 ONE Venus OR Daisy Disposable 2 ct or larger (excludes Daisy 2 ct).
SAVE $2.00 ONE Olay Facial Cleanser (excludes trial/travel size).
SAVE $1.00 ONE Prilosec OTC Product.
SAVE $4.00 ONE Gillette Blade Refill (4 ct or larger).
"SAVE $2.00 ONE Gain Flings 30 ct or larger OR Gain Ultra Flings 18 ct or larger (excludes Gain Liquid/Powder Laundry Detergent, Gain Fabric Enhancers, Gain Fireworks, Gain Flings 9 ct and trial/travel size)."
GET $3.00 off any ONE (1) Box of PULL-UPS® Training Pants (40 ct. or higher)
"SAVE $3.00 ONE Crest Gum Detoxify, Gum &amp; Enamel Repair, OR Gum &amp; Sensitivity 3.0 oz or larger (excludes all other variants, kids, and trial/travel size)."
"SAVE $2.00 ONE Gillette Razor (excludes Disposables, Venus Products and trial/travel size)."
"$0.75 OFF any ONE (1) Lily’s Chocolate Bar, Chocolate Candy or Baking Chips"
"SAVE $4.00 when you buy ONE (1) Adult ZYRTEC® product, any variety (24-45ct). Excludes trial &amp; travel sizes"
"$4.00 OFF on ONE (1) Allegra® Allergy 24ct or larger, Allegra-D®, or Children's Allegra® Product"
SAVE $2.00 ONE Dreft Newborn Laundry Detergent OR Dreft Active Baby Laundry Detergent OR Dreft Pure Gentleness Laundry Detergent (excludes trial/travel size).
"BUY ONE GET ONE FREE on any ONE (1) bag of Flavors of America by Eight O'Clock®, Any variety 11oz."
$4.00 OFF on any ONE (1) 12ct. multipack SHEBA® PERFECT PORTIONS™ Premium Cat Food
"SAVE $4.00 ONE Olay Facial Moisturizer (excludes Serums, Complete, Active Hydrating and trial/travel size)."
SAVE $2.00 ONE Venus Razor (excludes disposables).
"SAVE $5.00 off any ONE (1) Claritin® up to 55ct, excludes 60ct or larger"
SAVE $1.50 on any ONE (1) package of HUGGIES® LITTLE SWIMMERS® Disposable Swimpants (10 ct. or larger)
$5.00 OFF on any ONE (1) Osteo Bi-Flex® product (28ct or larger)
SAVE $3.00 ONE (1) Nexium® 24HR 28ct or larger
SAVE $4.00 ONE Venus Blade Refill (4 ct or larger).
SAVE $3.00 ONLY On Colgate® Optic White® Renewal Toothpaste (3.0 oz. or larger)
SAVE $3.00 off any ONE (1) Children's Claritin® Syrup 4oz or larger
"SAVE $5.00 on ONE (1) NUTRO™ WHOLESOME ESSENTIALS™ Dry Cat Food bag, any size"
SAVE $3.00 on any ONE (1) Florastor product
SAVE $5.00 ONE Oral-B Vitality OR Pro 500 Rechargeable Electric Toothbrush.
Any Open Nature Product of $1 or more.Limit 1 item.
Any Bakery Department Purchase of $1 or more.Limit 1 item.
Any Frozen Aisle Purchase of $1 or more.Limit 1 item.
Any Produce Department Purchase of $1 or more.Limit 1 item.
Golden Ripe Bananas PLU 4011 Per lb. Excludes Organic.
"Signature SELECT refreshe Water 24-pack, 16.9-oz. +CRV."
Calidad Tortilla Chips 12 to 14-oz.
Chobani Greek Yogurt 5.3-oz.
Lucerne Shredded Cheese 6 to 8-oz.
Lucerne Butter 16-oz.
Mission Super Size Yellow Corn Tortillas 24-ct.
Barilla Pasta 12 to 16-oz. Excludes Plus Pasta and Gluten Free.
$1 Off Your Purchase of $1 or More *Standard exclusions apply.
Visa® Gift Cards When you buy $100 or more in Visa® gift cards. Limit 1 per...
Signature Farms Romaine Hearts 3-ct. Limit 1.
Fresh Cravings Dip 8-10-oz. Limit 1.
"Litehouse® Buy ONE (1) Litehouse® Organic Dressing(11.25 oz), get ONE..."
Caspers Franks 16-oz. Limit 4.
Aidells Gourmet Chicken Sausage or Aidells meatballs. 12-oz. Limit 2 items.
Signature Farms 80% Lean Ground Beef Mega-pack. Limit 1.
Plated Meal Kits 22.2-32.5-oz.
Lipton or Tazo Tea 75-100-ct. Lipton or 20-ct. Tazo.
Glacéau smartwater Sport 700-ml. or 20-oz. vitaminwater. +CRV(CA only). Limit 12.
Simply Orange Juice 52-oz. +CRV(CA only). Limit 4.
7-UP 2-ltr. +CRV(CA only). Limit 4.
"Gatorade 8-pk., 20-oz. +CRV(CA only). Limit 4."
When you Buy 12-Pk. Dr Pepper & Cream... Buy Regular or Diet Dr. Pepper & Cream Soda & get FREE...
"San Pellegrino Soda 6-pk., 11.15-oz. +CRV(CA only). Limit 4."
Signature SELECT Apple Juice or Lemonade 64-oz. +CRV(CA only). Limit 4.
Green Mountain Coffee Roasters or The Original Donut Shop. 12-32-ct. k-cup pods.
KeVita® on any TWO (2) 15.2oz. KeVita® bottles.
Naked® Juice on any TWO (2) 15.2oz Naked® Juice bottles.
Hint® Water When you buy any FIVE (5) bottles of Still Hint® Water.
Arrowhead® Brand Water on any THREE (3) Arrowhead® Spring Water Case Packs...
Starbucks® ONE (1) Starbucks® Ground Coffee with Essential Vitamins or...
"Starbucks® ONE (1) Starbucks® K-Cup® Coffee with Essential Vitamins,..."
"Glaceau smartwater 12-pk., 1-ltr. bottles. Limit 1."
"Glaceau smartwater 6-pk., 1-liter. Limit 1 per transaction."
Silk Almondmilk Half-gallon. Gluten free.
Lucerne Cheese 6-8-oz. Limit 4.
Lucerne Flavored Creamer 32-oz. Limit 4.
Galbani String or Stick Cheese 10-12-oz.
"Dannon Greek Yogurt 4-pack, 5.3-oz."
Chobani Greek Yogurt 32-oz.
Challenge or Danish Creamery Butter 16-oz. quarters. Or 15-oz. Challenge spreadable butter....
Sargento Snack Bites on ONE (1) Sargento Snack Bites.
Sargento Balanced Breaks on ONE (1) Sargento Balanced Breaks.
Sargento® on any TWO (2) Sargento® Natural Cheese Slices.
Oikos Blue Yogurt On Any ONE (1) Oikos Blue Yogurt Cup (excluding Triple Zero).
Frigo® Cheese Heads® Cheese on ONE (1) Frigo® Cheese Heads® 8ct or larger Snack Cheese...
noosa® Yoghurt on any THREE (3) noosa® yoghurts.
Hennessy VS 750-ml. Or 1.75-ltr.Ketel One. Limit 2 items.
"- on TWO (2) 12-packs or larger of Elysian Family, Golden..."
Crook & Marker® on any combination of TWO (2) 8-can variety packs of Crook...
A to Z Wineworks on any TWO (2) 750ml bottles of A to Z Wineworks wine.
Truly Hard Seltzer on any FOUR (4) 6-packs or TWO (2) 12-packs or ONE (1)...
Anheuser-Busch Multi Brand On 18PK or larger of Bud Light® or 12PK or larger of...
Erath Oregon on the purchase of TWO (2) 750ml bottles of Erath Oregon...
Anchor Brewing Co the purchase of Anchor Steam or Anchor California Lager 6...
MALIBU® and Dole® Canned Pineapple Juice on any Dole® Canned Pineapple Juice with the purchase of...
ALTOS™ Tequila on taco essentials when you purchase ONE (1) 750ml bottle...
KETEL ONE® BOTANICALS on ONE (1) bottle (750ml only) of KETEL ONE® BOTANICALS and...
ABSOLUT® VODKA on any mixer when you purchase of any ONE (1) 750ml bottle...
JAMESON® Irish Whiskey on ONE (1) 750ml bottle of JAMESON® IRISH WHISKEY.
BEEFEATER® London Dry Gin on any tonic water when you purchase any ONE (1) 750ml...
Stella Artois® on TWO (2) 12-packs of any Stella Artois® products.
TEQUILA AVIÓN® ONE (1) 750ml bottle of TEQUILA AVIÓN® Silver or Reposado.
"Clausthaler on ONE (1) Clausthaler beer 6-Pack (Original, Dry Hopped or..."
Mike's Hard Lemonade on ONE (1) 12-pack of Mike's Hard Lemonade.
"San Simeon & Maddalena Wine $3 for THREE (3), $9 for SIX (6) or $24 when you purchase..."
"Kendall-Jackson Wine Save $12 when you buy SIX (6), Save $3 when you buy THREE..."
Pacifico Clara When you buy ONE (1) 12-pack or larger of Pacifico Clara...
Modelo When you buy TWO (2) 12-packs or ONE (1) 24-pack of Modelo...
Kona® Brewing on ONE (1) 12-pack Kona® beer and Groceries.
"Cupcake® Wine Save $2 on TWO (2), $6 on FOUR (4), $18 on SIX (6) on..."
"CORONA when you purchase ONE (1) 24-pack of Corona Extra, Corona..."
"CORONA $10 off TWO (2), or $5 off ONE (1) 12-pack or larger of..."
Russian Standard® Original Vodka on ONE (1) 1.75 Liter Bottle of Russian Standard® Original...
New Belgium Beer on TWO (2) 6pks of any New Belgium beer.
"Ace Kicker $1 on ONE (1), $6 on THREE (3) or $18 on SIX (6) 750ml..."
Gentleman Jack® On One (1) 750ml or larger bottle of Gentleman Jack.
St. Huberts The Stag Recieve $2 on ONE (1) or $5 on TWO (2) 750ml bottles of St....
7 Deadly and Imagery Wines on ONE (1) 750 Bottle of 7 Deadly or Imagery.
BULLEIT on ONE (1) bottle (750ml only) of participating BULLEIT...
"SMIRNOFF ICE, SMIRNOFF SELTZER on ONE (1) 12-pack of SMIRNOFF ICE OR SMIRNOFF Seltzer AND..."
Grand Marnier® on ONE (1) Bottle of Grand Marnier® 750ml.
CROWN ROYAL ONE (1) bottle (750ml or larger) of CROWN ROYAL (any...
KETEL ONE® ONE (1) bottle (750ml or larger) of KETEL ONE® Vodka...
High Noon® Sun Sips on One (1) Variety 12 Pack of High Noon® Sun Sips.
"Risata Save $1 off ONE (1) , $5 off THREE (3), or $12 off SIX (6)..."
BACARDI® INSTANTLY ON THE PURCHASE OF ONE (1) COCA-COLA® 10PK 7.5 OZ...
PLUME & PETAL® VODKA ON THE PURCHASE OF ONE (1) 750ML BOTTLE OF PLUME & PETAL®...
TANQUERAY ONE (1) bottle (750ml or larger) of TANQUERAY London Dry...
"SMIRNOFF ONE (1) bottle (750ml or larger) of SMIRNOFF (any variant,..."
DON JULIO ONE (1) bottle (750ml only) of DON JULIO Blanco Tequila.
BOMBAY SAPPHIRE® GIN ON THE PURCHASE OF ONE (1) 750ML BOTTLE OF BOMBAY SAPPHIRE®...
"Yes Way Rosé Save $1 off ONE (1) , $5 off THREE (3), or $12 off SIX (6)..."
SMIRNOFF on ONE (1) 12-pack of SMIRNOFF Seltzer AND ONE (1) bottle...
Signature Cafe 8-Piece Dark Meat Fried... 4-each: drumsticks & thighs. Limit 2.
Primo Taglio Ham Off The Bone or Pan Roasted Turkey Breast or American Yellow or White...
Wellington Water Crackers 4.4-oz.
Mini Babybel Cheese 6-ct.
Signature Cafe Whole Roasted Chicken 28-34-oz. Limit 1.
Signature Cafe Side Entrée 12-16-oz. Limit 1.
Reser's® on any ONE (1) Reser's® Deli Salad.
Claritin® Buy 1 Get $5.00 off or Buy More for Greater Savings! on...
"CREST® on ONE Crest Gum Detoxify, Gum & Enamel Repair OR Gum &..."
Crest Whitestrips ONE Crest 3D White Whitestrips Kit (excludes Noticeably...
Fixodent ONE Fixodent Adhesive 1.4 oz OR larger (excludes...
"Oral B ONE Oral-B Adult Manual Toothbrush (excludes Pulsar,..."
Prilosec ONE Prilosec OTC Product.
Crest / Scope ONE Crest Mouthwash 473 mL (16 oz) or larger (excludes...
"Crest ONE Crest 3D White Whitening Therapy Enamel Care,..."
"Oral B ONE Oral-B Glide Manual Floss, Floss Picks, Interdental..."
Crest ONE Crest Toothpaste 3 oz or more (excludes 4.6 oz Crest...
"Crest ONE Crest Gum Detoxify, Gum & Enamel Repair, OR Gum &..."
Oral B ONE Oral-B Vitality OR Pro 500 Rechargeable Electric...
Colgate® Optic White® ONLY On Colgate® Optic White® Renewal Toothpaste (3.0 oz....
Stayfree® or Carefree® Buy 1 Get $2.00 off or Buy More for Greater Savings! on...
Playtex® Sport® or o.b.® Tampons Buy 1 Get $3.00 off or Buy More for Greater Savings! on...
Nexium® 24HR ONE (1) Nexium® 24HR 28ct or larger.
Cetaphil® on ANY ONE (1) Cetaphil® Product (excludes 4oz. or less -...
Differin® on ANY ONE (1) Differin® Product.
BOOST® Nutritional Drinks or Drink Mixes on any TWO (2) BOOST® Nutritional Drinks or Drink Mixes.
ONE® Brands on ONE (1) ONE® Brands protein bar 60g bar any flavor.
Osteo Bi-Flex® on any ONE (1) Osteo Bi-Flex® product (28ct or larger).
CLIF BAR® on any ONE (1) CLIF® Bar Multipack.
"BENADRYL® on Any ONE (1) BENADRYL® 20ct, 24ct or 4oz product..."
Claritin® off any ONE (1) Claritin® Cool Mint Chewables 24 ct.
Claritin-D® off any ONE (1) Claritin-D® 15ct or larger.
Claritin® off any ONE (1) Children's Claritin® Syrup 4oz or larger.
Claritin® off any ONE (1) Children's Claritin® Chewables 20ct OR ONE...
Ensure® on Any TWO (2) Ensure Multi-Pack Shakes.
Aleve® on any ONE (1) Aleve® or Aleve®PM product 40ct. or larger...
"Adult ZYRTEC® when you buy ONE (1) Adult ZYRTEC® product, any variety..."
Florastor on any ONE (1) Florastor product.
"Allegra® on ONE (1) Allegra® Allergy 24ct or larger, Allegra-D®, or..."
Dixie Tableware 40-94-ct.
Kingsford Match Light or Charcoal... 12-16-lb. Limit 2.
Pabst Blue Ribbon on ONE (1) Pabst Blue Ribbon 30pk and ONE (1) Bag of...
Tide ONE Tide Laundry Detergent 37 oz TO 50 oz (excludes Tide...
Tide ONE Tide PODS 16 ct OR 12 ct (excludes Tide Liquid/Powder...
Chinet® Cut Crystal® Buy TWO (2) Chinet® Cut Crystal® Get ONE (1) Chinet® Cut...
Gain ONE Gain Flings 16 ct OR 14 ct OR 12 ct OR Gain Liquid...
Gain ONE Gain Liquid Fabric Softener 48 ld OR Gain Fireworks In...
Raid® any ONE (1) Raid® Wasp & Hornet Product.
OFF!® any ONE (1) OFF!® brand product.
Raid® on any ONE (1) Raid® Essential Oils Product (Excludes Raid®...
"OFF!® on any ONE (1) OFF!® Product (Excludes Club Packs, Twin..."
Tillamook Ice Cream 1.75-qt.
Popsicle Novelties 9-18-ct.
Pepperidge Farm Turnovers 12.5-oz. or 19.6-oz. cakes.
Signature SELECT Frozen Dessert 8-9.87-oz. Limit 1.
Signature SELECT Ice Cream 1.5-qt. Limit 1.
"Tillamook® Ice Cream on any TWO (2) Tillamook® Ice Cream Products, 56 oz."
VALSOIA on ONE (1) Valsoia Dairy Free Gelato.
Bubbies Ice Cream any ONE (1) Bubbies Mochi or Cookie Dough Ice Cream Bites...
Cheez-It Snack Mix 40-oz.
Ghirardelli Chocolate Bars 3.17-3.5-oz.
Pepperidge Farm Goldfish Crackers 6-8-oz.
Cheez-It Crackers 8.7-12.4-oz.
Planters Peanuts 16-oz.
Calidad Tortilla Chips 11.5-12-oz.
Signature SELECT Snacking Nuts 5-8.5-oz Limit 1.
Signature SELECT Cookie Thins 7-oz. Limit 1.
Signature SELECT Cheese Crunchies 8-oz. Limit 1.
Werther's Original Popcorn on ONE (1) Werther's Original Popcorn 6oz bag.
Chudabeef Jerky Product On any ONE (1) Chudabeef Jerky Product.
"Lily’s Chocolate Bar any ONE (1) Lily’s Chocolate Bar, Chocolate Candy or Baking..."
Nature's Own Perfectly Crafted Bread 22-oz. or 15-16-oz. Nature's Own buns.
Dave's Killer Thin Sliced Bread 20.5-oz.
Alfaro's Artesano Buns 14.5-15-oz. or 20-oz. Alfaro's Artesano bread.
Oroweat Organic Breakfast Items 13-13.75-oz. or 20-oz. Oroweat Organic thin sliced bread.
Signature SELECT Madeleine Cookies 14-oz. Limit 1.
Signature SELECT Petite Brownie Bites 24-oz. Limit 1.
Signature SELECT French Bread 1-each. Limit 1.
Sun-Maid Raisin Bread on ONE (1) loaf of Sun-Maid Raisin Bread 16oz.
Nature's Own Perfectly Crafted Brioche... on ONE (1) Nature's Own Perfectly Crafted Brioche Style...
Sweet Baby Ray's Barbecue Sauce 18-oz.
Duncan Hines Classic Cake or Brownie Mix 15.25-18-oz.
Signature SELECT Snack Olives 1.05-oz. Limit 1.
General Mills Large Cereal 12-16.8-oz. Or 5.85-7.44-oz. Nature Valley Protein bars.
Signature Pet Care™ Wet Cat Food When you buy FOUR 5.5-oz. Limit 1 offer.
Signature Pet Care™ Wet Dog Food When you buy FOUR 22-oz. Limit 1 offer.
Signature Pet Care™ Training Pads 30-100-ct. Limit 1.
Signature Pet Care™ Bird Feed 4-7-lb. Limit 1.
Signature Pet Care™ Dog Jerky 10-ct. Limit 1.
"BLUE™ Buy THREE (3) Homestyle Recipe®, BLUE Delights® or BLUE..."
BLUE™ on ONE (1) BLUE Life Protection Formula® Dog Food or BLUE...
"BLUE™ Buy TWO (2) BLUE dog or cat treats (2-48 oz), Get ONE (1) ..."
"Purina® on TWO (2) Purina® Beggin®, Busy® or DentaLife® Dog Treats..."
SHEBA® PERFECT PORTIONS™ Buy ONE (1) SHEBA® PERFECT PORTIONS™ Premium Cat Food (up...
SHEBA® PERFECT PORTIONS™ on any ONE (1) 12ct. multipack SHEBA® PERFECT PORTIONS™...
No Yolks® on any ONE (1) No Yolks® 8oz. Noodles.
Mission Flour Burrito Tortillas 8-ct.
Pace® Salsa or Picante Sauce off ONE (1) jar of Pace® Salsa or Picante Sauce.
Pampers ONE BAG Pampers Pure Diapers (excludes trial/travel size).
Pampers ONE Bag Pampers Easy Ups Training Underwear OR UnderJams...
Pampers / Luvs ONE Pampers OR Luvs Wipes 56 ct - 216 ct.
HUGGIES® on ONE (1) Package of Huggies® Special DELIVERY™ Diapers...
"Pampers ONE BAG Pampers Swaddlers, Cruisers OR Baby Dry Diapers..."
PULL-UPS® off any ONE (1) Bag of PULL-UPS® Training Pants (27 ct. or...
PULL-UPS® off any ONE (1) Box of PULL-UPS® Training Pants (40 ct. or...
HUGGIES® on any ONE (1) package of HUGGIES® LITTLE SWIMMERS®...
Happy Baby Organics & Happy Tot Organics any THREE (3) Happy Baby Organics & Happy Tot Organics...
TWO (2) BUSH'S BEST® Bean Dip (9.5 oz)
ONE (1)GOODCATCH® Tuna Item (3.3oz)
ONE (1) 3 lb Bag of Green Anjou Pears
ONE (1) CELSIUS (12 oz) Can
on any TWO (2) Breyers® Ice Cream
off ONE (1) jar of Pace® Salsa or Picante Sauce
on any TWO (2) Sargento® Natural Cheese Slices
"ONE Gain Flings 12 ct TO 26 ct OR Gain Liquid Laundry Detergent (Includes Gain Botanicals and Gain Essential Oils) OR Gain Powder Laundry Detergent (excludes Gain Ultra Flings, Gain Fabric Enhancers, Gain Fireworks, Gain Flings 9 ct and trial/travel size)."
"ONE Tide Laundry Detergent (excludes Tide Purclean Laundry Detergent, Studio by Tide Laundry Detergent, Tide PODS, Tide Rescue, Tide Simply Laundry Detergent, Tide Simply PODS, Tide Detergent 10 oz and trial/travel size)."
on ONE (1) Frigo® Cheese Heads® 8ct or larger Snack Cheese Product
"ONE Downy Liquid Fabric Conditioner 48ld to 60ld (Includes Downy Odor Protect 32oz OR Downy Wrinkle Guard 25oz OR Downy Nature Blends 44 oz) OR Bounce/Downy Sheets 70ct to 120ct(Includes Bounce/Downy Wrinkle Guard 40ct to 60ct) OR In Wash Scent Boosters 5.7oz (includes Downy Unstopables, Fresh Protect, Odor Protect, and Infusions) OR Bounce Rapid Touch-up 3 in 1 Spray OR Downy Wrinkle Releaser Spray (excludes Downy Libre Enjuague and trial/travel size)"
"ONE Crest Toothpaste 3 oz or more (excludes 4.6 oz Crest Cavity, Regular, Base Baking Soda, Tartar Control/Protection, F&amp;W Pep Gleem, Gum Detoxify and Gum Enamel variants, Whitening Therapy variants, Kids and trial/travel size)."
on any ONE (1) HELLMANN'S® Mayonnaise
Buy ONE (1) SHEBA® PERFECT PORTIONS™ Premium Cat Food (up to $0.89) and get ONE (1) FREE
"ONE Gain Liquid Fabric Softener 48 ld or larger (includes Gain Botanicals) OR Gain Fireworks In Wash Scent Boosters 5.7 oz or larger OR Gain Dryer Sheets 105 ct or larger (excludes Gain Flings, Gain Detergent and trial/travel size)."
"ONE Downy Liquid Fabric Conditioner 72 ld or larger (includes Downy Odor Protect 48 oz or larger OR Downy Wrinkle Guard 40 oz or larger OR Downy Nature Blends 67 oz or larger) OR Bounce/Downy Sheets 130 ct or larger (includes Bounce/Downy Wrinkle Guard 80 ct or larger) OR In Wash Scent Boosters 8.6 oz or larger (includes Downy Unstopables, Fresh Protect, Odor Protect, and Infusions) (excludes Downy Libre Enjuague, Gain Fireworks, and trial/travel size)."
"ONE Tide PODS OR Tide Power PODS (excludes Tide Liquid/Powder Laundry Detergent, Tide Simply, Tide Simply PODS, and Tide PODS 9 ct and below, and trial/travel size)."
"ONE Always Radiant, Infinity, PURE, Pure Cotton, Ultra, OR Maxi Pads 10 ct OR higher (excludes Always Liners and Always Discreet)."
On Any ONE (1) Oikos Greek Yogurt Cup (Excluding Oikos Triple Zero)
on any ONE (1) pack of Energizer® Batteries
"on TWO (2) Purina® Beggin®, Busy® or DentaLife® Dog Treats or Chews, any size, any variety"
"ONE Gain 81 oz or larger Liquid Fabric Softener, Downy Unstopables or"
"TWO Old Spice Anti-Perspirant/Deodorant, Body Wash OR Bar Soap (excludes twin packs, High Endurance, Body Spray and Invisible Spray and trial/travel size)."
"ONE Tide Simply Laundry Detergent 34 oz OR 31 oz OR Tide Simply PODS 13 ct OR Downy Liquid Fabric Conditioner 40 ld OR Bounce/Downy Sheets 40 ct TO 60 ct OR In-Wash Scent Boosters 4.3 oz OR ERA Laundry Detergent 50 oz or smaller (includes Downy Unstopables, Fresh Protect, and Odor Protect) (excludes Bounce/Downy Wrinkle Guard Sheets, Downy Libre Enjuague, Gain Fireworks, and trial/travel size)."
"ONE Tampax Pearl, Radiant OR PURE Tampons (14 ct or higher)."
"off any ONE (1) Bag of PULL-UPS® Training Pants (27 ct. or lower, not valid on trial packs)"
on any ONE (1) Reser's Deli Sides 12-14oz Item
"on any ONE (1) Glade® 3-Wick Candles, Twin Pack 3.4oz Candles, PIugIn® Scented Oil Refill Pack, or Large Automatic Refills Only (Excludes 1 Count 3.4oz Candles and PlugIns® Scented Oil Warmer Only packs)"
"on any one (1) Pine-Sol® product, 40oz+"
"ONE Gain Flings 30 ct or larger OR Gain Ultra Flings 18 ct or larger (excludes Gain Liquid/Powder Laundry Detergent, Gain Fabric Enhancers, Gain Fireworks, Gain Flings 9 ct and trial/travel size)."
"on Any ONE (1) BENADRYL® 20ct, 24ct or 4oz product (excludes topical, trial &amp; travel sizes)"
"ONE Always DISCREET Incontinence Product (excludes other Always Products, Always Discreet Boutique and trial/travel size)."
"ONE Tide Simply Laundry Detergent 50 oz or larger OR ERA Laundry Detergent 75 oz or larger (excludes Tide Detergent, Tide PODS, Tide Simply PODS, and trial/travel size)."
"any ONE (1) Lily’s Chocolate Bar, Chocolate Candy or Baking Chips"
ONE Gillette Disposable 2 ct or larger (excludes Sensor 2 ct and Venus Products).
when you buy ONE PACKAGE any flavor/variety Cascadian Farm™ Cereal or Granola
on any ONE (1) crunchy Crunchmaster® Crackers or Snacks
ONE Venus OR Daisy Disposable 2 ct or larger (excludes Daisy 2 ct).
on any ONE (1) 12ct. multipack SHEBA® PERFECT PORTIONS™ Premium Cat Food
on any ONE (1) Aleve® or Aleve®PM product 40ct. or larger (excludes Aleve-D®)
ONE Gillette Blade Refill (4 ct or larger).
"on ONE (1) Sparkling Ice® 12 pack, any variety"
ONE Prilosec OTC Product.
ONE Olay Facial Cleanser (excludes trial/travel size).
any THREE (3) Happy Baby Organics &amp; Happy Tot Organics pouches
on any ONE (1) 1850® Ready to Drink product
"ONE Crest Gum Detoxify, Gum &amp; Enamel Repair, OR Gum &amp; Sensitivity 3.0 oz or larger (excludes all other variants, kids, and trial/travel size)."
"ONE Oral-B Glide Manual Floss, Floss Picks, Interdental Brush OR Interdental Picks (excludes trial/travel size)."
off any ONE (1) Box of PULL-UPS® Training Pants (40 ct. or higher)
ONE Dreft Newborn Laundry Detergent OR Dreft Active Baby Laundry Detergent OR Dreft Pure Gentleness Laundry Detergent (excludes trial/travel size).
"on ONE (1) Allegra® Allergy 24ct or larger, Allegra-D®, or Children's Allegra® Product"
"when you buy ONE (1) Adult ZYRTEC® product, any variety (24-45ct). Excludes trial &amp; travel sizes"
"ONE Olay Facial Moisturizer (excludes Serums, Complete, Active Hydrating and trial/travel size)."
"ONE Gillette Razor (excludes Disposables, Venus Products and trial/travel size)."
ONE Dreft Blissfuls In Wash Scent Boosters 8.6 oz or larger (excludes trial/travel size).
ONE (1) Nexium® 24HR 28ct or larger
"on ONE (1) NUTRO™ WHOLESOME ESSENTIALS™ Dry Cat Food bag, any size"
"off any ONE (1) Claritin® up to 55ct, excludes 60ct or larger"
"on any ONE (1) OFF!® Product(Excludes Club Packs, Twin Packs, 2 oz. and 2.5oz. OFF!® Products)"
ONE Venus Blade Refill (4 ct or larger).
ONE Venus Razor (excludes disposables).
"ONE Tide Purclean Laundry Detergent (excludes Studio by Tide Laundry Detergent, Tide Detergent, Tide PODS, Tide Rescue, Tide Simply Laundry Detergent, Tide Simply PODS, Tide Detergent 10 oz and trial/travel size)."
ONE Burts Bees Adult Toothpaste (excludes trial/travel size).
on any ONE (1) Osteo Bi-Flex® product (28ct or larger)
off any ONE (1) Children's Claritin® Syrup 4oz or larger
"ONE Tide Simply PODS 20 ct or larger (excludes Tide detergent, Tide Simply Detergent, Tide PODS, and trial/travel size)"
ONE (1) Mizkan Dipping Sauce (Located in the International Aisle)
on any ONE (1) package of HUGGIES® LITTLE SWIMMERS® Disposable Swimpants (10 ct. or larger)
off any ONE (1) Children's Claritin® Chewables 20ct OR ONE (1) Children's Reditab®
ONLY On Colgate® Optic White® Renewal Toothpaste (3.0 oz. or larger)
"ONE Tide Antibacterial Spray (excludes Tide Stain Pen, Tide Rescue, Tide Laundry Detergent, Tide PODS and trial/travel size)."
on any ONE (1) Raid® Essential Oils Product(Excludes Raid® Club Packs and Twin Packs)
SAVE $1.00 on any TWO (2) box of TRISCUIT Cheddar or Tzatziki Crackers (8.5 oz.)
"SAVE $0.40 on any ONE (1) Lipton® TeaBags,K-Cup®, Liquid or Powdered Iced Tea Mix product."
"Save $1.50 any ONE (1) Tillamook Ice Cream, 56oz."
Save $1.00 Off The Purchase of One (1) GreenWise Pork Loin Boneless Chops valued at $10.00 or More
Save $1.00 on TWO (2) Reese's Standard or King Size bars
On any Colgate TotalSF Advanced (5.1 oz) or Colgate® Optic White® Advanced (4.5 oz) Toothpaste
Save $1.00 on any TWO (2) Starbucks single serve products
Save $1.00 on any ONE (1) Tigertail Fusion Wing Sauce or Mustard
"Save $1.50 on any ONE (1)Tostitos® Dip (10 - 24oz) When You Buy any TWO (2) Tostitos® Tortilla Chips (9 – 18oz bags, Excludes Cantina)"
"Save $0.50 on ONE (1) Pine-Sol® Product, 40 oz. or Larger"
Save $0.20 on any ONE (1) Mrs. Butterworth's NEW Breakfast for 1 Pancake Cups
Save $1.00 on any ONE (1) Oikos or Light &amp; Fit tub
Save $0.50 on any one (1) pack of Energizer® Batteries
Save $0.50 on any ONE (1) Dole® Acai Bowl
"Save $1.50 on any TWO (2) Ziploc® brand bags		<br>"
"Save $1.00 on any ONE (1) BENADRYL® 20ct, 24ct or 4oz product (excludes topical, trial &amp; travel sizes)"
Save $2.00 on any TWO (2) Healthy Choice Power Dressing
Save $1.00 on any ONE (1) Ripple Dairy Free Milk
"Save $0.50 Off The Purchase of One (1) Publix Glass Cleaner With Ammonia, Trigger Bottle, 32-oz bot."
"Save $1.00 Off The Purchase of Three (3) Publix Soft Drink Or Seltzer Water, 2-L bot."
"Save $1.00 on ONE Crest Toothpaste 3 oz or more (excludes 4.6 oz Crest Cavity, Regular, Base Baking Soda, Tartar Control/Protection, F&amp;W Pep Gleem, Gum Detoxify and Gum Enamel variants, Whitening Therapy variants, Kids and trial/travel size)."
Save $1.00 on any ONE (1) Reynolds Bakeware
Save $2.00 Off The Purchase of One (1) Publix Aprons Gourmet Chicken Burger Feta and Bell Pepper
Save $1.00 on any THREE (3) Good Humor products
"Save $3.00 on ONE Super Pack OF Pampers Swaddlers, Cruisers OR Baby Dry Diapers (excludes Overnights, 360 FIT and trial/travel size)."
"Save $0.50 Off The Purchase of One (1) Publix Bamboo Skewers 4, 6, or 12-in, 100-ct. pkg."
Save $1.00 on any ONE (1) ChapStick
"Save $0.50 on any ONE (1) Good Foods Guacamole, Plant-based Dip, Dairy Dip or Salsa"
Save $3.00 on ONE BOX Pampers Pure Diapers (excludes trial/travel size).
"Save $2.00 on ONE (1) Kingsford® Hardwood Pellets 20lb Bag		<br>"
"Earn 200 BONUS FUEL POINTS when you buy a participating DOORDASH gift card. *Restrictions apply, see Store for details."
"Get 4x FUEL Points on a Mastercard® or Visa® Gift Card when you buy a $25, $50, or $100 Mastercard® or Visa® gift card. *Excludes Variable Load Gift Cards. Restrictions Apply. See Store for Details. (Valid 5/22/20 - 5/25/20)"
"Get 4x FUEL Points on FRI - SAT - SUN - MON Only when you buy a participating gift card, prepaid wireless card or prepaid phone. *Restrictions Apply.  See Store for Details."
"Save $1.00 on 2 Reese's bars When you buy TWO (2) Reese's Standard or King Size bars, any variety"
"Save $2.00 on Reese's, Hershey's and Kit Kat Candy Bags when you buy any ONE (1) Reese's, Hershey's or Kit Kat Candy Bags (31oz or larger)"
"Save $1.00 on Olive Garden® Parmesan Ranch Dressing when you buy ONE (1) Olive Garden® Parmesan Ranch Dressing, any size."
"Save $0.40 on Lipton® Tea Products When you buy on ONE (1) Lipton® TeaBags,K-Cup®, Liquid or Powdered Iced Tea Mix product, any variety or size"
"Save $2.00 on Nando's PERinaise When you buy ONE (1) Nando's PERinaise item, any variety or size"
"Save $1.00 on Twizzlers Licorice Candy Bags when you buy any TWO (2) Twizzlers Licorice Candy Bags, any variety (11-16oz)"
"Save $2.00 on 2 Crest Toothpaste when you buy TWO (2) participating Crest Toothpaste (Excludes Crest Cavity Protection, Baking Soda &amp; Peroxide, Tartar Control/Protection, and trial/travel sizes)"
Save $2.00 on Reese's and York Thins Candy Bags when you buy any TWO (2) Reese's or York Thins Candy Bags (7.2-7.37oz)
"Save $0.80 on Kroger Chip Variety Packs When you buy ONE (1) Kroger Chip Variety Pack, any variety (13-19 OZ)"
"Save $0.50 on Private Selection BBQ Sauce When you buy ONE (1) Private Selection BBQ Sauce, any variety (13-19 OZ)"
"Save $1.00 on LISTERINE® Mouthwash or LISTERINE® READY! TABS® when you buy ONE (1) LISTERINE® Mouthwash, any varitey (500mL or larger) or ONE (1) LISTERINE® READY! TABS®, any variety (8 Ct or larger)"
"Save $1.00 on 2 Ben &amp; Jerry's Ice Cream Pints or Cookie Dough Chunks when you buy TWO (2) Ben &amp; Jerry's Ice Cream Pints or Ben &amp; Jerry's Cookie Dough Chunks, any variety or size"
Save $4.00 on 2 Colgate® Optic White® or Colgate TotalSF Toothpastes when you buy TWO (2) Colgate® Optic White® or Colgate TotalSF Toothpastes (3.0 oz or larger)
Save $2.00 on 2 Oral B items when you buy TWO (2) participating Oral B Manual Toothbrushes (Excludes Oral B Healthy Clean &amp; Cavity Defense brushes and trial/travel sizes)
"Save $2.00 on Axe When you buy ONE (1) Axe Antiperspirant or Deodorant 2.7-3oz, Body Spray 4oz, Bodywash 16oz, or Shampoo 16oz. Excludes all other sizes and twin packs. This can be redeemed 5 times in a single transaction."
"Save $1.00 on Oral-B Glide Floss when you buy ONE (1) Oral-B Glide Manual Floss, Floss Picks, Interdental Brush OR Interdental Picks. Excludes trial/travel size."
Save $1.50 on Dove or Degree item When you buy ONE (1) Dove or Dove Men+Care Shampoo and Conditioner (12oz or larger) or Antiperspirant/Deodorant Sticks or Dry Sprays. Excludes trial and travel) or Degree MOTIONSENSE Antiperspirant or Deodorant Stick 2.6-3.0oz (excludes trial and travel).This can be redeemed 5 times in a single transaction
"Save $2.00 on Oral-B Adult Manual Toothbrush when you buy ONE (1) Oral-B Pulsar OR Multi-pack Adult Manual Toothbrush. Excludes Kids, Healthy Clean, Cavity Defense and trial/travel size."
"Save $0.65 on Oikos Blue Single Serve Cup When You Buy ONE (1) Oikos Blue Single Serve Cup, any size. Excludes Oikos Triple Zero products."
"Save $1.00 on TIDE LAUNDRY GROUP ONE Tide Laundry Detergent 50 oz OR 46 oz (excludes Tide Purclean Laundry Detergent, Studio by Tide Laundry Detergent, Tide PODS, Tide Rescue, Tide Simply, Tide Simply PODS, Tide Detergent 10 oz and trial/travel size)."
Save $2.00 on Persil® Detergent when you buy ONE (1) Persil® Laundry Detergent (100oz) or Discs (38-40ct).
"Save $3.00 on Crest Toothpaste when you buy ONE (1) Crest 3D White Whitening Therapy Enamel Care, Sensitivity, Charcoal OR Ingredients (3.0 oz or larger). Excludes all other variants, Kids and trial/travel size."
"Save $2.00 on Love Beauty &amp; Planet or Schmidt's item When you buy ONE (1)  Love, Beauty &amp; Planet Shampoo, Bodywash, or Lotion (13.5-16oz), or Schmidt's Deodorant (2.65-3.25oz). Excludes trial and travel sizes. This can be redeemed 5 times in a single transaction"
"Save $3.00 on Crest Gum Health Toothpaste when you buy ONE (1) Crest Gum Detoxify, Gum &amp; Enamel Repair, OR Gum &amp; Sensitivity (3.0 oz or larger). Excludes all other variants, kids, and trial/travel size."
"Save $0.50 on Colgate® Kids Toothpaste when you buy ONE (1) Colgate® Kids Toothpaste, any variety (4.4 oz or larger)"
"Save $1.50 on Community Coffee When you buy ONE (1) Bag or Single-Serve Box of Community® Coffee, any variety or size"
Save $1.00 on Burt's Bees Adult Toothpaste when you buy ONE (1) Burt's Bees Adult Toothpaste. Excludes trial/travel size.
Save $0.75 on Burt's Bees Kids Toothpaste when you buy ONE (1) Burt's Bees Kids Toothpaste. Excludes trial/travel size.
Save $3.00 on Colgate® Optic White Renewal when you buy ONE (1) Colgate® Optic White Renewal Toothpaste (3.0 oz or larger)
"Save $2.00 on Kauai SS Coffee Pods When you buy ONE (1) Kauai SS Coffee Pods, any variety (12ct)"
"Save $1.00 on Suave item When you buy ONE (1)  Suave Professionals Green, Silver, or Gold, Men's or Kids Shampoo and Conditioner (12-28oz). Excludes Suave Essentials Shampoo and Conditioner or Trial Sizes. This can be redeemed 5 times in a single transaction"
"Save $1.25 on Kroger Frozen Appetizers When you buy ONE (1) Kroger Frozen Appetizer, any variety (20-33 OZ)"
Save $3.00 on 2 TRESemme items When you buy TWO (2) TRESemme Premium Shampoo and Conditioner or Styling Aid (5-22oz). Excludes trial and travel sizes. This can be redeemed 5 times in a single transaction
"Save $2.00 on Nando's PERi PERi Sauce When you buy ONE (1) Nando's PERi PERi Sauce, any variety or size"
"Save $0.40 on Private Selection Mustard When you buy ONE (1) Private Selection Mustard, any variety (8-9 OZ)"
"Save $1.00 on Planet Oat oatmilk When you buy ONE (1) Planet Oat oatmilk, any variety (52oz)"
"Save $1.00 on Vero Gusto Premium Pasta Sauce When you buy ONE (1) Vero Gusto Premium Pasta Sauce, any variety or size"
Save $0.30 on COFFEE MATE® product when you buy ONE (1) COFFEE MATE® Original Powder Coffee Creamer Canister (35.3 oz).
Save $2.00 on 2 Herbal Essences Products when you buy TWO (2) Herbal Essences Shampoo or Conditioner Products (11.7oz). [Excludes trial/travel size].
"Save $2.00 on 2 Pantene Products when you buy TWO (2) Pantene Shampoo, Conditioner or 2N1 Products (12-12.6oz). [Excludes trial/travel size]."
Save $1.50 on  Pantene Product when you buy ONE (1) Pantene Hair Affair Product (3.7-5.9oz). [Excludes trial/travel size].
Save $1.50 on  Waterless Product when you buy ONE (1) Waterless Product (3.6-7.6oz). [Excludes trial/travel size].
Save $2.00 on 2 Aussie Products when you buy TWO (2) Aussie Shampoo or Conditioner Products (12.1oz). [Excludes trial/travel size].
"Save $1.50 on Advil or Advil PM Products when you buy any ONE (1) Advil or Advil PM, any variety (40ct or larger)"
Save $3.00 on 2 Aussie Products when you buy TWO (2) Aussie Shampoo or Conditioner Products (26.2oz). [Excludes trial/travel size].
Save $3.00 on 2 Pantene Products when you buy TWO (2) Pantene Nutrient Blends Products (4.7-9.6oz). [Excludes trial/travel size].
Save $3.00 on 2 Herbal Essences Products when you buy TWO (2) Herbal Essences Bio:Renew Shampoo or Conditioner Products (12.1-13.5oz). [Excludes trial/travel size].
Save $3.00 on 2 Herbal Essences Products when you buy TWO (2) Herbal Essences Shampoo or Conditioner Products (29.2oz). [Excludes trial/travel size].
"Save $.50 on RETHINK JUICE SPLASH when you buy ONE (1) RETHINK JUICE SPLASH, Organic Naturally Flavored Kids Juice, any variety (8 pack)"
"Save $0.40 on Kroger Flavored Sandwich Spreads When you buy ONE (1) Kroger Flavored Sandwich Spread, any variety (11 FO)"
"Save $0.50 on ZZZQUIL PURE Zzzs Products when you buy ONE (1) Vicks ZzzQuil PURE Zzzs Product. Excludes Kidz, Soothing Aromatherapy Balm, and trial/travel size."
Save $3.00 on 2 Hair Food Products when you buy TWO (2) Hair Food Products (10.1oz). [Excludes trial/travel size].
Save $1.00 on Tide Pods when you buy ONE (1) Tide Pods (15-20ct)
"Save $0.50 Energizer® Batteries when you buy one (1) pack of Energizer® Batteries, any variety or size"
"Save $1.00 on One Vietti Artisan Chili when you buy ONE (1) Vietti                                                      Artisan Canned Chili, any variety (15 oz)"
"Buy 1 Finders Keepers, Get 1 Free! Buy ONE (1) Finders Keepers Milk Chocolate Candy &amp; Surprise, get your SECOND (2nd) Free"
Save $2.00 on Colgate® or Colgate® Zero Mouthwash when you buy ONE (1) Colgate® or Colgate® Zero Mouthwash (400 mL or larger)
Save $2.00 on Oral-B Special Care Oral Rinse when you buy ONE (1) Oral-B Special Care Oral Rinse (475 ml or larger). Excludes trial/travel size.
"Save $.50 on Di Martino Pasta When you buy ONE (1) Di Martino Pasta, any variety or size"
"Save $3.00 on Culturelle Probiotics When you buy ONE (1) Culturelle Probiotic, any variety or size"
Save $5.00 on Oral-B Vitality OR Pro 500 Rechargeable Electric Toothbrush when you buy ONE (1) Oral-B Vitality OR Pro 500 Rechargeable Electric Toothbrush.
"Save $5.00 on 2 Febreze, Prilosec, Vicks, Clearblue items when you buy TWO (2) Febreze Plug (2ct or 3ct Refills), Prilosec OTC (14ct), Vicks ZZZQuil (42ct or 12oz), Vicks Pure ZZZ's Gummies (48ct), or Clearblue Pregnancy Tests (2ct)"
"Save $1.00 on Simple Truth Organic Potato Chips When you buy ONE (1) Simple Truth Organic Potato Chips, any variety (5 oz)"
"Save $0.50 on Pine-Sol® Products When you buy ONE (1) Pine-Sol® Product, 40 oz. or Larger, any variety"
"Save $1.00 on BENADRYL® product when you buy ONE (1) BENADRYL®  20ct, 24ct or 4oz product. Excludes topical, trial &amp; travel sizes"
Save $5.00 on Non-Drowsy Claritin® Product When you buy ONE (1) Non-Drowsy Claritin® (24 count or larger)
Save $8.00 on Non-drowsy Claritin® Liqui-Gels® or Tablets when you buy ONE (1) Non-drowsy Claritin® Liqui-Gels® (60 ct) or Tablets (70 ct or larger)
Save $1.00 on Gardein® When you buy ONE (1) Gardein®  Skillet Meal (20 oz)
"Save $4.00 on AllerLife When you buy ONE (1) AllerLife, any variety or size"
"Save $1.50 on Paqui Chips Bag When you buy ONE(1) Paqui Chips Bag, any variety (7oz)"
Save $3.00 on FINISH® QUANTUM™ OR FINISH® Max in 1® when you buy ONE (1) FINISH® QUANTUM™ (50ct) OR FINISH® Max in 1®(63ct)
Save $1.00 on Fixodent Adhesive when you buy ONE (1) Fixodent Adhesive (1.4 oz OR larger). Excludes trial/travel size.
"Save $3.00 on 2 Native Deodorants When you buy TWO (2) Native Deodorants, any variety (2.65oz)"
Save $1.00 on Gillette &amp; Venus Disposable Razors When you buy ONE (1) Gillette or Venus Disposable Razor (2CT or larger) (Excludes Treo &amp; Daisy 4CT)
"Save $2.00 on Olay Wipes or Age Defy Cleanser or Masks When you buy ONE (1) Olay Wipes, (25CT OR 66CT) or Age Defy Cleanser or Masks"
"Save $0.70 on Simple Truth Guacamole When you buy ONE (1) Simple Truth Guacamole, any variety (8 OZ)"
Save $15.00 on Oral-B 5000 OR 6000 Rechargeable Electric Toothbrush when you buy ONE (1) Oral-B 5000 OR 6000 Rechargeable Electric Toothbrush.
Save $5.00 on Oral-B Pro 1000 OR 3000 Rechargeable Electric Toothbrush when you buy ONE (1) Oral-B Pro 1000 OR Pro 3000 Rechargeable Electric Toothbrush.
Save $1.00 on Prilosec OTC Products when you buy ONE (1) Prilosec OTC Product.
"Save $.50 on LUVS Diapers When you buy ONE (1) LUVS Diapers, Bag (21ct-40ct), any variety or size. Excludes Trial and Travel Size"
"Save $1.00 on Kashi® Cereals When you buy TWO (2) Kashi® Cereals (6.5 oz or Larger, Any Flavor, Mix or Match)"
Save $0.75 on Private Selection Buffalo Chicken Dip When you buy ONE (1) Private Selection Buffalo Dip (10 OZ)
Save $10.00 on Crest Whitestrips When you buy ONE (1) participating Crest Whitestrips item.  Excludes Crest Noticeably White Whitestrips.
"Save $2.00 on Yucatan Guacamole Squeeze Product when you buy (1) Yucatan Guacamole Squeeze Product, any variety or size"
"Save $0.75 on Private Selection Cheese Spreads When you buy ONE (1) Private Selection Cheese Spread, any variety (9 OZ)"
"Save $3.00 on Schick® Razor products When you buy ONE (1) Skintimate® or Schick® Disposable Razor Pack. Excludes Schick® Xtreme3® 1 ct., Schick® Xtreme2® and Skintimate® 2 &amp; 6 ct Disposables"
Save $0.50 on Alocane Burn Gel When you buy ONE (1) Alocane Emergency Burn Gel
Save $.50 on Gillette &amp; Venus Shave Gels When you buy ONE (1) Gillette Proglide Shave Gel (6oz) OR Venus &amp; Olay Shave Gel (6oz) (Excludes all other varieties)
"Save $4.00 on  Olay Regenerist Facial Moisturizer When you buy ONE (1) Olay Regenerist Facial Moisturizer, any variety or size"
"Save $4.00 on SHEBA® Cat Food When you buy ONE (1) SHEBA® Perfect Portions™ Premium Cat Food, any variety  (12ct. Multipack)"
"Save $1.50 on Huggies®‎ Little Swimmers®‎ Disposable Swimpants When you buy ONE (1) package of Huggies®‎ Little Swimmers®‎ Disposable Swimpants, any variety (10 ct. or larger)"
"Save $0.50 on IWON Organics Sticks when you buy ONE (1) IWON Organic Stix, any variety (5oz)."
"Save $1.25 on 2 Q Mixers When you buy TWO (2) Q Mixers, any variety"
Save $2.00 on Bissell Clean &amp; Refresh Machine Formula When you buy ONE (1) Bissell Clean &amp; Refresh Machine Formula
Save $3.00 on 2 Head &amp; Shoulders Products when you buy TWO (2) Head &amp; Shoulders Supreme Shampoo or Conditioner Products (9.4-11.8oz). [Excludes trial/travel size].
Save $1.00 on  Sensible Portions Screamin' Hot Veggie Straws when you buy ONE (1) Sensible Portions Screamin' Hot Veggie Straw
"Save $1.00 on Vital Proteins Collagen Water OR Collagen Bar when you buy one (1) Vital Proteins Collagen Water OR Collagen Bar, any variety or size"
Save $0.50 on ZZZQUIL ZzzQuil Products when you buy ONE (1) Vicks ZzzQuil Product. Excludes PURE Zzzs and trial/travel size.
Save $1.50 on 2 CLIF Granola when you buy TWO (2) CLIF Granola
"Buy 1 Chef's Cut Real Jerky, Get 1 Chef's Cut Jerky Snack Stick Free Buy  ONE (1) Chef's Cut Real Jerky, any variety (2.5oz bag), Get ONE (1) Chef's Cut Jerky Snack Stick, any variety (1oz) Free"
Save $3.00 when you buy ONE (1) Mastercard® or Visa® gift card. * Restrictions Apply.  See Store for Details. (redeem 5/20/2020-6/9/2020)
"Save $1.00 on 4505 Meats Chicharrones When you buy ONE (1) 4505 Meats Chicharrones, any variety (2.5 oz)."
"Save $1 on Slimfast when you buy any ONE (1) Original or Advanced RTD or Powder, any variety or size"
"Save $1.00 on Craisins® item when you buy ONE Craisins® item, any variety (20-24oz)"
"Save $5.00 on Osteo Bi-Flex® Products. when you buy ONE (1) Osteo Bi-Flex® product, any variety (28ct or larger)"
"Save $1.50 on 2 Blue Diamond Nut Thins When you buy TWO (2) Blue Diamond Nut Thin Crackers, any variety (4.25 oz)"
"Save $2.00 on ZonePerfect® Keto products when you buy ONE (1) ZonePerfect® Keto Powder, 4-count Shake or 5-count Bar"
Save $4.00 on Schick Men Razors When you buy ONE (1) Schick Hydro® or Schick® Quattro® Titanium* Razor or Refill. Excludes Schick® Disposables and Women's Razor or Refill coated blades
"Save $1.00 on Kodiak Cakes Bear Bites When you buy ONE (1) Kodiak Cakes Bear Bites, any variety or size"
"Save $5.00 on 1 bag of NUTRO™ WHOLESOME ESSENTIALS™ Cat Food When you buy ONE (1) bag of NUTRO™ WHOLESOME ESSENTIALS™ Dry Cat Food, any variety or size"
Save $3.00 on Gillette &amp; Venus Blade Refills When you buy ONE (1) Gillette or Venus Blade Refill (4CT or larger) (Excludes Gillette3 4CT &amp; Gillette 5 4CT)
"Buy 1  JUST Water, Get 1 Free Buy ONE (1) JUST Water product, any variety or size, Get your SECOND (2nd) Free"
Save $2.00 on Gillette &amp; Venus Razors When you buy ONE (1) Gillette or Venus Razor (excludes Disposable Razors &amp; Mach3 1UP Razor)
"Buy 4 Beech-Nut Natural Jars, Get 1 Beech-Nut Natural Pouch FREE Buy FOUR (4) Beech-Nut Natural Jars, any variety or size,Get ONE (1) Beech-Nut Natural Pouch, any variety or size Free."
Save $0.50 on CREATIVE ROOTS beverage When you buy ONE (1) CREATIVE ROOTS beverage
Save $1.00 on 2 Louis Kemp When you buy TWO (2) Louis Kemp Alaskan Delights (12oz) or Crab Delights (16oz)
Save $0.30 on Simple Truth Organic Snack Crackers When you buy ONE (1) Simple Truth Organic Snack Crackers (8 oz)
"Save $0.55 on OFF!® Products when you buy ONE (1) OFF!® Product, any variety. Excludes Club Packs, Twin Packs, 2 oz. and 2.5oz. OFF!® Products."
Save $0.75 on Simple Truth Fig &amp; Thyme Crisp Crackers When you buy ONE (1) Simple Truth Fig &amp; Thyme Crisp Crackers (5.3 oz)
Save $3.00 on Claritin® Syrup when you buy ONE (1) Non-Drowsy Children's Claritin® Syrup (4oz or larger)
"Save $3.00 on Similac® When you buy ONE (1) Similac®, (1.38 lb. or larger powder)"
"Save $1.00 on Luvo When you buy ONE (1) Performance Kitchen Meal, any variety (8.25 - 10.25 oz)."
Save 20% off Fresh Cut Lilies When you buy ONE (1) Bunch of Fresh Cut Lilies (any stem count).
"Save $10.00 on 2 Enfamil Powder When you buy TWO units of Enfamil Infant Formula powder, any variety  (19.5 oz or larger)"
"Save $1.00 on Babyganics Sunscreen or Deet Free Bug Spray when you buy ONE (1) Babyganics Sunscreen or Deet Free Bug Spray, any variety"
Save $2.00 on Glucerna® When you buy ONE (1) Glucerna® multi-pack shake
Save $2.00 on PediaSure® When you buy ONE (1) PediaSure® product
Save $0.55 on Raid® Products when you buy ONE (1) Raid® Essential Oils Product. Excludes Raid® Club Packs and Twin Packs.
"Save $3.00 on Bare Repulic Products when you buy ONE (1) Bare Republic Sun Product, any variety"
"Save $1.00 on  2 Cheerwine when you buy Two (2) Cheerwine Glass Packages, any variety (4PK )"
"Save $1.00 on MadeGood When you buy ONE (1) MadeGood  Granola Bar or Mini Item, any variety or size"
"Save $1.50 on Nutiva Red Palm Oil or Shortening when you buy ONE (1) Nutiva Red Palm Oil or Shortening, any variety or size"
Save $1.00 on Gardein® Ultimate Burger When you buy ONE (1) Gardein® Ultimate Burger Frozen (2 Pack)
Save $1.00 on Gardein® Breakfast Bowl When you buy any ONE (1) Gardein® Breakfast Bowl (8.5 oz)
Save $1.50 on VISINE® product when you buy ONE (1) VISINE® product. Excludes trial/travel sizes.
"Save $1.00 on YumEarth When you buy ONE (1)  YumEarth Organic Lollipops, Straberry or Black Licorice"
"Save $2.00 on Earth's Best Chicken Fries When you buy ONE (1) bag of Earth's Best Chicken Fries, any variety or size"
"Save $1.50 on NUK cups when you buy ONE (1) Nuk Cup item, any variety or size"
Save $2.00 on 2 Head &amp; Shoulders and Pantene Products when you buy TWO (2) Head &amp; Shoulders Royal Oils or Pantene Gold Series Products (2.6-15.2oz). [Excludes trial/travel size].
"Save $1.00 on BodyMark by BIC® Tattoo Marker when you buy ONE (1) BodyMark by BIC® Tattoo Marker, any variety (1-pk)"
"Save $3.00 on BodyMark™ by BIC® Tattoo Marker when you buy ONE (1) BodyMark™ by BIC® Tattoo Marker, any variety (3-pk)"
"Save $8.00 on 2 Refresh Eye Drops When you buy TWO (2) packages of any Refresh Eye Drop, any variety or size. Excluding Refresh Repair."
"Save $5.00 on Systane When you buy ONE (1) Systane ICAP Vitamins, any variety or size"
"Save $3.00 on Vital Proteins Powder Canister when you buy ONE (1) Vital Proteins Powder Canister, any variety or size"
"Save $1.00 on Giovanni Eco Chic or 2Chic Shampoo or Conditioner When you buy ONE (1) Giovanni Eco Chic or 2Chic Shampoo or Conditioner, any variety (8.5 oz). Excludes Trial Size."
"Save $0.75 on TAJIN Clasico Seasonings When you buy ONE (1) TAJIN Clasico Seasonings, any variety (4.23 oz or larger)"
"Save $5.00 on Nutiva MCT Powder product when you buy ONE (1) Nutiva MCT Powder product, any variety or size"
"Save $2.00 on Simple Truth Mulit-Vitamin Gummies When you buy ONE (1) Simple Truth Multi-Vitamin Gummies or Hair Skin &amp; Nails Gummies, any variety (100 ct)"
"Save  $4.00 on Nutiva MCT Oil Product when you buy ONE (1) Nutiva MCT Oil Product, any variety or size"
"Save $0.75 on Simple Truth Organic Spice Rubs When you buy ONE (1) Simple Truth Organic Spice Rubs, any variety (3.5oz)"
Save $1.00 on Biofreeze product When you buy Biofreeze Pain Relieving Product. Excluding travel sizes.
"Earn 2x Fuel Points Download the digital coupon to earn 2x fuel points* when you shop on Thursdays, Fridays, Saturdays and Sundays starting May 21st through June 28th."
"Save $2.00 on Bronkaid product When you buy any ONE (1) Bronkaid® product, any variety or size"
"Save $1.00 on Kellogg's® Jumbo Snax When you buy any ONE (1) Kellogg's® Jumbo Snax (5.4 oz. or Larger, Any Flavor)"
"Save $5.00 on Non-Drowsy Claritin-D® Products When you buy ONE (1) Non-Drowsy Claritin-D® product, any variety (15 count or larger)"
Save $5.00 on PATADAY® Eye Allergy Itch Relief Drops When you buy ONE (1) PATADAY® Eye Allergy Itch Relief Drops.
"Save $1.00 on Milton's Gluten Free Cracker When you buy ONE (1) Milton's Gluten Free Crackers, any variety (4.5oz.)"
"Save $0.50 on Shredded or Grated Sartori Cheese Deli Bags When you buy ONE (1) Shredded or Grated Sartori Cheese Deli Bag, any variety (8 oz.)"
"Save $1.00 on Ripple Half &amp; Half product When you buy ONE (1) Ripple Half &amp;Half product, any variety"
"Save $0.70 on Simple Truth Hummus When you buy ONE (1) Simple Truth Hummus, any variety (8 OZ)"
"Save $2.00 on Chock full o' Nuts Coffee When you buy ONE (1) can of Chock full o' Nuts Coffee, any variety (23oz - 26oz)"
Save $1.00 on Paper Check Cashing Fee when you cash a tax refund or government paper check at Money Services.
Save $1.00 on Simple Truth Emerge Plant Based Burger Patties When you buy ONE (1) Simple Truth Emerge Plant Based Patties (16 oz.)
Save $1.50 on Simple Truth Emerge Plant Based Burger Grinds When you buy ONE (1) Simple Truth Emerge Plant Based Grinds (16 oz.)
"Save $1.00 on Simple Truth Organic Parmesan Cheese When you buy ONE (1) Simple Truth Organic Parmesan Cheese Wedge, in Specialty Cheese, located in the Deli Dept."
"Save $5.00 on Refresh Eye Drops When you buy ONE (1) Refresh Relieva or Refresh Optive Mega-3 Eye Drop, any size"
BUY 2 Buy 2 for $10.00
Save $2.00 on one (1) 18 lb - 20 lb bag of Purina® Dog Chow® or Purina® Puppy Chow® Dry Food
$1.00 OFF Tropic Sun SunScreen Lotion 6 oz. or Spray 5.5-6 oz. - When you clip the Family Dollar Smart Coupon.
$1.00 OFF Family Pet Meaty Cuts Dry Dog Food 28 lbs. - When you clip the Family Dollar Smart Coupon.
"Save $2.00 off ONE (1) Purex® Liquid 128-150oz.,
or 4-in-1 Pacs (45ct)"
Save $2.00 off ONE (1) all® liquid laundry detergent (88oz.) or mighty pacs® (39ct.)
"Save $1.00 off ONE (1) Snuggle® Liquid Fabric Softener 48.6-50oz., Sheets 105-120 ct. or Scent Shakes™ 9 oz."
"Save $1.00 off ONE (1) all® Liquid 54oz., or mighty pacs® 19ct."
"Save $1.00 on Huggies Pull-Ups (Size 2T-5T, 17-23ct.), Little Snugglers  &  Little Movers (Size Newborn-6, 16-32 ct.) or GoodNites (S-XL, 11-14 ct.)"
"Save $0.50 on ONE Cascade Dishwasher Detergent, Rinse Aid OR Dishwasher Cleaner (excludes ActionPacs 30 ct or larger and trial/travel size)."
Save $1.00 on TWO Mr Clean Products (excludes trial/travel size).
Save $1.50 on any ONE (1) package of Huggies®‎LittleSwimmers®‎ Disposable Swimpants (10 ct. or larger)
$.75 OFF Arm  &  Hammer Super Scoop Unscented Cat Litter 14 lbs. - When you clip the Family Dollar Smart Coupon.
Save $1.00 on any ONE (1) Meow Mix Dry Product 8.44 lbs or larger
Save $1.00 on any ONE (1) Kibbles N Bits Dry Product 13 lbs or larger
Save $2.00 on ONE Dreft Blissfuls In Wash Scent Boosters 8.6 oz or larger (excludes trial/travel size).
Save $2.00 on ONE Dreft Newborn Laundry Detergent 50 oz OR Dreft Active Baby Laundry Detergent 50 oz (excludes trial/travel size).
"Save $2.00 on ONE Tide Laundry Detergent 75 oz OR 69 oz (excludes Tide Purclean Laundry Detergent, Studio by Tide Laundry Detergent, Tide PODS, Tide Rescue, Tide Simply, Tide Simply PODS, Tide Detergent 10 oz and trial/travel size)."
"Save $2.00 on ONE Tide PODS 31 ct OR 23 ct (excludes Tide Liquid/Powder Laundry Detergent, Tide Simply, Tide Simply PODS, Tide PODS 9 ct and below, and trial/travel size)."
Save $3.00 on ONE Gillette Disposable 2 ct or larger (excludes Sensor 2 ct and Venus Products).
Save $3.00 on ONE Venus OR Daisy Disposable 2 ct or larger (excludes Daisy 2 ct).
"Save $1.00 on ONE Downy Liquid Fabric Conditioner 48ld to 60ld (Includes Downy Odor Protect 32oz OR Downy Wrinkle Guard 25oz OR Downy Nature Blends 44 oz) OR Bounce/Downy Sheets 70ct to 120ct(Includes Bounce/Downy Wrinkle Guard 40ct to 60ct) OR In Wash Scent Boosters 5.7oz (includes Downy Unstopables, Fresh Protect, Odor Protect, and Infusions) OR Bounce Rapid Touch-up 3 in 1 Spray OR Downy Wrinkle Releaser Spray (excludes Downy Libre Enjuague and trial/travel size)"
Save $1.00 on ONE Dreft Blissfuls In Wash Scent Boosters 5.7 oz (excludes trial/travel size).
Save $1.00 on ONE Bounty Paper Towel Product 4 ct or larger (includes Double Plus Roll).
Save $0.25 on ONE Puffs Facial Tissues (including Multi-Packs) (excludes Puffs To Go Singles and trial/travel size).
Save $1.00 on ONE Charmin Toilet Paper Product 4 ct or larger (excludes single rolls).
Save $1.00 on ONE Prilosec OTC Product.
"Save $1.00 on ONE Crest Toothpaste 3 oz or more (excludes 4.6 oz Crest Cavity, Regular, Base Baking Soda, Tartar Control/Protection, F & W Pep Gleem, Gum Detoxify and Gum Enamel variants, Whitening Therapy variants, Kids and trial/travel size)."
"Save $1.00 on ONE Oral-B Glide Manual Floss, Floss Picks, Interdental Brush OR Interdental Picks (excludes trial/travel size)."
Save $2.00 on ONE (1) Kingsford®  or Matchlight® Charcoal 8lbs
"SAVE $0.40 on any ONE (1) Lipton® TeaBags,K-Cup®, Liquid or Powdered Iced Tea Mix product."
ONLY On Colgate Optic White Renewal Toothpaste (3.0 oz or larger)
"Save $1.00 off ONE (1) Banana Boat® Sun Care Product (excludes 1 oz., 1.8 oz., 2 oz., lip balm  &  trial sizes)"
"Save $2.00 on ONE (1) Bag of PULL-UPS® Training Pants (27 ct. or lower, not valid on trial packs)"
Save $0.50 on any one (1) pack of Energizer® Batteries
"Save $1.00 on ONE Gain Flings 12 ct TO 26 ct OR Gain Liquid Laundry Detergent (Includes Gain Botanicals and Gain Essential Oils) OR Gain Powder Laundry Detergent (excludes Gain Ultra Flings, Gain Fabric Enhancers, Gain Fireworks, Gain Flings 9 ct and trial/travel size)."
"Save $1.00 on ONE Gain Liquid Fabric Softener 48 ld OR Gain Fireworks In Wash Scent Boosters 5.7 oz OR Gain Dryer Sheets 105 ct OR 120 ct (excludes Gain Flings, Gain Detergent and trial/travel size)."
"Save $0.50 on ONE (1) Pine-Sol® Product, 40 oz. or Larger"
"Save $1.00 on any ONE (1) BENADRYL® 20ct, 24ct or 4oz product (excludes topical, trial  &  travel sizes)"
"Save $0.55 on any ONE (1) OFF!® Product(Excludes Club Packs, Twin Packs, 2 oz. and 2.5oz. OFF!® Products)"
Save $1.00 on TWO (2) Reese's Standard or King Size bars
$2.00 OFF Glacier Ice Auto AC Refrigerant 12 oz. - When you clip the Family Dollar Smart Coupon.
"Buy TWO (2) Kidgets Jumbo Pack Diapers Sizes Newborn-7, 20-48 ct. For $10 - When you clip the Family Dollar Smart Coupon."
Save $2.00 on one (1) 18 lb - 20 lb bag of Purina® Dog Chow® or Purina® Puppy Chow® Dry Food
$1.00 OFF Tropic Sun SunScreen Lotion 6 oz. or Spray 5.5-6 oz. - When you clip the Family Dollar Smart Coupon.
$1.00 OFF Family Pet Meaty Cuts Dry Dog Food 28 lbs. - When you clip the Family Dollar Smart Coupon.
"Save $2.00 off ONE (1) Purex® Liquid 128-150oz.,
or 4-in-1 Pacs (45ct)"
Save $2.00 off ONE (1) all® liquid laundry detergent (88oz.) or mighty pacs® (39ct.)
"Save $1.00 off ONE (1) Snuggle® Liquid Fabric Softener 48.6-50oz., Sheets 105-120 ct. or Scent Shakes™ 9 oz."
"Save $1.00 off ONE (1) all® Liquid 54oz., or mighty pacs® 19ct."
"Save $1.00 on Huggies Pull-Ups (Size 2T-5T, 17-23ct.), Little Snugglers  &  Little Movers (Size Newborn-6, 16-32 ct.) or GoodNites (S-XL, 11-14 ct.)"
"Save $0.50 on ONE Cascade Dishwasher Detergent, Rinse Aid OR Dishwasher Cleaner (excludes ActionPacs 30 ct or larger and trial/travel size)."
Save $1.00 on TWO Mr Clean Products (excludes trial/travel size).
Save $1.50 on any ONE (1) package of Huggies®‎LittleSwimmers®‎ Disposable Swimpants (10 ct. or larger)
$.75 OFF Arm  &  Hammer Super Scoop Unscented Cat Litter 14 lbs. - When you clip the Family Dollar Smart Coupon.
Save $1.00 on any ONE (1) Meow Mix Dry Product 8.44 lbs or larger
Save $1.00 on any ONE (1) Kibbles N Bits Dry Product 13 lbs or larger
Save $2.00 on ONE Dreft Blissfuls In Wash Scent Boosters 8.6 oz or larger (excludes trial/travel size).
Save $2.00 on ONE Dreft Newborn Laundry Detergent 50 oz OR Dreft Active Baby Laundry Detergent 50 oz (excludes trial/travel size).
"Save $2.00 on ONE Tide Laundry Detergent 75 oz OR 69 oz (excludes Tide Purclean Laundry Detergent, Studio by Tide Laundry Detergent, Tide PODS, Tide Rescue, Tide Simply, Tide Simply PODS, Tide Detergent 10 oz and trial/travel size)."
"Save $2.00 on ONE Tide PODS 31 ct OR 23 ct (excludes Tide Liquid/Powder Laundry Detergent, Tide Simply, Tide Simply PODS, Tide PODS 9 ct and below, and trial/travel size)."
Save $3.00 on ONE Gillette Disposable 2 ct or larger (excludes Sensor 2 ct and Venus Products).
Save $3.00 on ONE Venus OR Daisy Disposable 2 ct or larger (excludes Daisy 2 ct).
"Save $1.00 on ONE Downy Liquid Fabric Conditioner 48ld to 60ld (Includes Downy Odor Protect 32oz OR Downy Wrinkle Guard 25oz OR Downy Nature Blends 44 oz) OR Bounce/Downy Sheets 70ct to 120ct(Includes Bounce/Downy Wrinkle Guard 40ct to 60ct) OR In Wash Scent Boosters 5.7oz (includes Downy Unstopables, Fresh Protect, Odor Protect, and Infusions) OR Bounce Rapid Touch-up 3 in 1 Spray OR Downy Wrinkle Releaser Spray (excludes Downy Libre Enjuague and trial/travel size)"
Save $1.00 on ONE Dreft Blissfuls In Wash Scent Boosters 5.7 oz (excludes trial/travel size).
Save $1.00 on ONE Bounty Paper Towel Product 4 ct or larger (includes Double Plus Roll).
Save $0.25 on ONE Puffs Facial Tissues (including Multi-Packs) (excludes Puffs To Go Singles and trial/travel size).
Save $1.00 on ONE Charmin Toilet Paper Product 4 ct or larger (excludes single rolls).
Save $1.00 on ONE Prilosec OTC Product.
"Save $1.00 on ONE Crest Toothpaste 3 oz or more (excludes 4.6 oz Crest Cavity, Regular, Base Baking Soda, Tartar Control/Protection, F & W Pep Gleem, Gum Detoxify and Gum Enamel variants, Whitening Therapy variants, Kids and trial/travel size)."
"Save $1.00 on ONE Oral-B Glide Manual Floss, Floss Picks, Interdental Brush OR Interdental Picks (excludes trial/travel size)."
Save $2.00 on ONE (1) Kingsford®  or Matchlight® Charcoal 8lbs
"SAVE $0.40 on any ONE (1) Lipton® TeaBags,K-Cup®, Liquid or Powdered Iced Tea Mix product."
ONLY On Colgate Optic White Renewal Toothpaste (3.0 oz or larger)
"Save $1.00 off ONE (1) Banana Boat® Sun Care Product (excludes 1 oz., 1.8 oz., 2 oz., lip balm  &  trial sizes)"
"Save $2.00 on ONE (1) Bag of PULL-UPS® Training Pants (27 ct. or lower, not valid on trial packs)"
Save $0.50 on any one (1) pack of Energizer® Batteries
"Save $1.00 on ONE Gain Flings 12 ct TO 26 ct OR Gain Liquid Laundry Detergent (Includes Gain Botanicals and Gain Essential Oils) OR Gain Powder Laundry Detergent (excludes Gain Ultra Flings, Gain Fabric Enhancers, Gain Fireworks, Gain Flings 9 ct and trial/travel size)."
"Save $1.00 on ONE Gain Liquid Fabric Softener 48 ld OR Gain Fireworks In Wash Scent Boosters 5.7 oz OR Gain Dryer Sheets 105 ct OR 120 ct (excludes Gain Flings, Gain Detergent and trial/travel size)."
"Save $0.50 on ONE (1) Pine-Sol® Product, 40 oz. or Larger"
"Save $1.00 on any ONE (1) BENADRYL® 20ct, 24ct or 4oz product (excludes topical, trial  &  travel sizes)"
"Save $0.55 on any ONE (1) OFF!® Product(Excludes Club Packs, Twin Packs, 2 oz. and 2.5oz. OFF!® Products)"
Save $1.00 on TWO (2) Reese's Standard or King Size bars
$2.00 OFF Glacier Ice Auto AC Refrigerant 12 oz. - When you clip the Family Dollar Smart Coupon.
Save $2.00 On Flintstones Vitamins When you Buy Any ONE (1) 60 CT-200CT or Flintstones Complete Chewable Vitamins 150ct
"Save $3.99 on Matzoh When you Buy ONE (1) 5-lb. pkg., Horowitz, Osem, Streits, ShopRite, Aviv, Yehuda or Manischewitz, $50.00 Minimum Purchase Required"
"Save $2.00 on Bronkaid product When you buy any ONE (1) Bronkaid® product, any variety or size"
"Save $5.00 on ORAL CARE when you buy THREE (3) Adult Crest Toothpaste 3 oz or more, Crest Mouthwash 473 ml (16 oz) or larger, Oral-B Manual Toothbrush, Oral-B Glide Floss, OR Fixodent Adhesive (excludes 4.6 oz Crest Cavity, Baking Soda, Tartar Control/Protection pastes, Kids variants, Indicator, Cavity Defense, &amp; Healthy Clean brushes, and trial/travel size)."
"Save $3.00 on HEAD &amp; SHOULDERS when you buy TWO (2) Head &amp; Shoulders Products (excludes Royal Oils, Men's Styling &amp; trial/travel size)."
Save $3.00 on Always Discreet when you buy ONE (1) Always DISCREET Boutique Product (excludes other Always Products and trial/travel size).
"Save $2.00 on Tide Antibacterial Spray when you buy ONE (1) Tide Antibacterial Spray. Excludes Tide Stain Pen, Tide Rescue, Tide Laundry Detergent, Tide PODS and trial/travel size."
Save $4.00 on OLAY when you buy ONE (1) Olay Serums (excludes trial/travel size).
Save $2.00 on Pampers Easy Ups OR UnderJams Training Underwear when you buy ONE (1) Bag Pampers Easy Ups Training Underwear OR UnderJams Absorbent Night Wear. Excludes trial/travel size.
Save $2.00 on Gillette Razor Group when you buy ONE (1) Venus Razor (excludes disposables).
"Save $1.00 on OLD SPICE when you buy TWO (2) Old Spice Anti-Perspirant/Deodorant, Body Wash OR Bar Soap (excludes twin packs, High Endurance, Body Spray and Invisible Spray and trial/travel size)."
"Save $1.50 on Pampers Swaddlers, Cruisers OR Baby Dry Diapers when you buy ONE (1) BAG Pampers Swaddlers, Cruisers OR Baby Dry Diapers. Excludes Overnights, 360 FIT and trial/travel size."
"Save $2.00 on 2 Aussie Products when you buy TWO (2) Aussie Shampoo, Conditioner, OR Styling Products. Excludes Masks, trial/travel size."
Save $0.75 on Burt's Bees Kids Toothpaste when you buy ONE (1) Burt's Bees Kids Toothpaste. Excludes trial/travel size.
"Save $2.00 on Tampax when you buy ONE (1) Tampax Pearl, Radiant OR PURE Tampons (14 ct or higher)."
Save $5.00 on Oral-B Vitality OR Pro 500 Rechargeable Electric Toothbrush when you buy ONE (1) Oral-B Vitality OR Pro 500 Rechargeable Electric Toothbrush.
"Save $2.00 on TIDE Laundry Detergent when you buy ONE (1) Tide Laundry Detergent (40 oz OR 37 oz). Excludes Tide Purclean Laundry Detergent, Studio by Tide Laundry Detergent, Tide PODS, Tide Rescue, Tide Simply, Tide Simply PODS, Tide Detergent 10 oz and trial/travel size."
Save $3.00 on GILLETTE when you buy ONE (1) Gillette Disposable 2 ct or larger (excludes Sensor 2 ct and Venus Products).
Save $1.00 on Burt's Bees Adult Toothpaste when you buy ONE (1) Burt's Bees Adult Toothpaste. Excludes trial/travel size.
"Save $2.00 on Tide when you buy ONE (1) Studio by Tide Laundry Detergent (excludes Tide Purclean Laundry Detergent, Tide PODS, Tide Rescue, Tide Simply Laundry Detergent, Tide Simply PODS, Tide Detergent and trial/travel size)."
"Save $1.00 on Olay Bar/BW/InShwr BdyLtn when you buy ONE (1) Olay Bar (4 ct or larger) Body Wash, Rinse Off Body Conditioner OR Hand and Body Lotion (excludes trial/travel size)."
"Save $4.00 on OLAY wen you buy ONE (1) Olay Facial Moisturizer (excludes Serums, Complete, Active Hydrating and trial/travel size)."
Save $2.00 on BOUNCE ONE Bounce/Downy Sheets 105 ct TO 120 ct OR Bounce/Downy Wrinkle Guard Sheets 60 ct OR Bounce Rapid Touch-up 3 in 1 Spray OR Downy Wrinkle Releaser Spray (excludes Downy Libre Enjuague and trial/travel size).
"Save $4.00 on Pantene when you buy THREE (3) Pantene Products including Gold Series Collection (excludes Single Count Intense Rescue Shot, One Step Nourishing Mask and trial/travel size)."
"Save $2.00 on GILLETTE when you buy ONE (1) Gillette Razor (excludes Disposables, Venus Products and trial/travel size)."
"Save $3.00 on Herbal Essences when you buy TWO (2) Herbal Essences bio:renew Shampoo, Conditioner OR Styling Products (excludes Masks, 100 mL Shampoo and Conditioners, Color, Body Wash and trial/travel size)."
Save $5.00 on Oral-B Pro 1000 OR 3000 Rechargeable Electric Toothbrush when you buy ONE (1) Oral-B Pro 1000 OR Pro 3000 Rechargeable Electric Toothbrush.
"Save $2.00 on Tide PODS when you buy ONE (1) Tide PODS (96 ct OR 73 ct) OR Tide Power PODS (48 ct). Excludes Tide Liquid/Powder Laundry Detergent, Tide Simply, Tide Simply PODS, Tide PODS 9 ct and below, and trial/travel size."
"Save $1.00 on Secret when you buy TWO (2) Secret Fresh, Outlast OR Aluminum Free 2.4 oz or larger"
Save $1.00 on ORAL CARE when you buy ONE (1) Fixodent Adhesive 1.4 oz OR larger (excludes trial/travel size).
Save $3.00 on Venus when you buy ONE (1) Venus OR Daisy Disposable 2 ct or larger (excludes Daisy 2 ct).
Save $2.00 on OLAY when you buy ONE (1) Olay Facial Cleanser (excludes trial/travel size).
Save $1.00 on Prilosec OTC Products when you buy ONE (1) Prilosec OTC Product.
Save $4.00 on WATERLESS when you buy TWO (2) Waterless Products (excludes trial/travel size).
Save $2.00 on Downy ONE Downy Liquid Fabric Conditioner 60 ld OR Downy Odor Protect Fabric Conditioner 32 oz OR Downy Wrinkle Guard Fabric Conditioner 25 oz OR Downy Nature Blends Fabric Conditioner 44 oz OR Downy Wrinkle Releaser Spray 16.9 oz (excludes Downy Libre Enjuague and trial/travel size).
"Save $2.00 on 2 Herbal Essences Products when you buy TWO (2) Herbal Essences Shampoo, Conditioner OR Styling Products. Excludes bio:renew, Color, Body Wash and trial/travel size."
Save $1.00 on Gillette AP/DO Group when you buy TWO (2) Gillette Anti-Perspirant 2.85 oz or larger (excludes Clinical).
"Save $0.65 on Oikos Blue Single Serve Cup When You Buy ONE (1) Oikos Blue Single Serve Cup, any size. Excludes Oikos Triple Zero products."
Save $3.00 on Claritin® Syrup when you buy ONE (1) Non-Drowsy Children's Claritin® Syrup (4oz or larger)
Save $5.00 on Non-Drowsy Claritin® Chews when you buy ONE (1) Non-Drowsy Claritin® Chews (24 ct or larger)
"Save $5.00 on Non-Drowsy Claritin-D® Products When you buy ONE (1) Non-Drowsy Claritin-D® product, any variety (15 count or larger)"
Save $5.00 on Non-Drowsy Claritin® Product When you buy ONE (1) Non-Drowsy Claritin® (24 count or larger)
Save $8.00 on Children's Claritin Chewables when you buy ONE (1) Non-Drowsy Children's Claritin® Chewables (60ct or larger)
Save $5.00 on Children's Claritin® or RediTabs® when you buy ONE (1) Children's Claritin® (8 oz. or 20 count or larger) or RediTabs® for Juniors (30 count or larger)
Save $8.00 on Non-drowsy Claritin® Liqui-Gels® or Tablets when you buy ONE (1) Non-drowsy Claritin® Liqui-Gels® (60 ct) or Tablets (70 ct or larger)
"Save $1.00 On MUSCLE MILK Pro Series Protein Shake When you Buy ONE (1) Chocolate or Vanilla, 44 fl.oz. tot. wt. pkg - 4pk  *Redeem up to 4 offers for a total of 4 pkgs. In a single order."
Save $1.00 On Hyland's Restful Legs When you Buy ONE (1) Quick-Dissolving Tablets
"Save $0.55 on OFF!® Products when you buy ONE (1) OFF!® Product, any variety. Excludes Club Packs, Twin Packs, 2 oz. and 2.5oz. OFF!® Products."
"Save $1.00 on Gain Laundry Detergent when you buy ONE (1) Gain Flings (16 ct OR 14 ct) OR Gain Liquid Laundry Detergent (50 oz) OR Gain Essential Oils Laundry Detergent (16 oz). Excludes Gain Fabric Enhancers, Gain Fireworks, Gain Flings (9 ct) and trial/travel size."
"Save $1.00 On Evolve Protein Shake When you Buy ONE (1) Chocolate, Vanilla or Toasted Almond, 4pk., 44 fl.oz. tot. wt. pkg. *Redeem up to 4 offers for a total of 4 pkgs. In a single order."
"Save $1.00 on Oi Organic Cotton Panty Liners or Tampons When you Buy ONE(1) Ultra Thin, 24ct. or Oi Organic Cotton Tampons 16 ct.,Regular, Super or Super Plus *Redeem up to 4 offers for a total of 4 pkgs. In a single order"
Save $1.00 On Clear Eyes When you Buy ONE (1) pkg.
"Save $1.00 On Core Power High Protein Shake When you Buy ONE (1) Package contains (4) 8 fl. oz. Bottles, Strawberry, Vanilla or Chocoate, 32 fl. oz. tot.wt.pkg"
Save $5.00 On Waterpik When you Buy ONE (1) Ea. When you Buy ONE (1) Ea.
Save $1.00 On Flexitol Heel Balm When you Buy ONE (1) 2 oz. pkg.
"Save $1.00 On Nature  Made Vitamins When you Buy ONE (1), Assorted Varieties, 30-400 ct. (Excluding While Supplies Last items)"
"Save $1.00 On San Pellegrino Momenti Sparkling Drinks 6-Pack When you Buy TWO (2) 11.15-oz. Cans, Any Variety, 66.9-oz. tot. wt. cans (Plus Deposit or Fee Where Required)"
"Save $0.75 on Goya Dried Beans When you buy TWO (2), Any Variety, 16 oz. or larger"
"Save $1.00 On Fresh Step Cat Litter When you Buy ONE (1), Any Variety, Non Clumping Litter (Excludes Clumping Litter) *Redeem up to 4 offers for a total of 4 boxes in a single order"
"Save $.50 On dapple Baby Bottle &amp; Dish Soap When you Buy ONE (1) Sweet Lavender, 16.9 fl.oz."
"Save $1.00 on Gain Product when you buy ONE (1) Gain Liquid Fabric Softener (48 ld) OR Gain Fireworks In Wash Scent Boosters (5.7 oz) OR Gain Dryer Sheets (105 ct OR 120 ct). Excludes Gain Flings, Gain Detergent and trial/travel size."
"Save $2.00 On Gatorade Sports Drink or Propel Water When you Buy TEN (10), Any Variety, Gatorade 1-qt. btl., Propel  Water Beverage, 20-24 oz. btl. (Plus Deposit or Fee Where Required)-Mix or Match!"
Save $3.00 on Colgate® Optic White Renewal when you buy ONE (1) Colgate® Optic White Renewal Toothpaste (3.0 oz or larger)
"Save $0.75 on Lily’s Sweets Chocolate Bar, Chocolate Candy or Baking Chips when you buy ONE (1) Lily’s Sweets Chocolate Bar, Chocolate Candy or Baking Chips, any variety or size"
"Save $2.23 On Coke 8-Pk. Btls. or 12 Pk. Cans When you Buy THREE (3), Any Variety,  12-oz. Bottles, Seagram's, Sprite, Barq's, Fanta or Coke  96-oz. tot. wt. btls. (Plus Deposit or Fee Where Required)"
Save $1.00 on Avocados From Mexico When you Buy FOUR (4) Avocados
"Save $1.00 On Hershey's King Size Candy Bar When you Buy FOUR (4), Assorted Varieties, 2.1 to 5-oz. pkg. *Redeem up to 4 offers for a total of 16 bars in a single order-mix or match."
"Save $0.50 on Pine-Sol® Products When you buy ONE (1) Pine-Sol® Product, 40 oz. or Larger, any variety"
"Save $5.00 on Osteo Bi-Flex® Products. when you buy ONE (1) Osteo Bi-Flex® product, any variety (28ct or larger)"
"Save $1.00 on BENADRYL® product when you buy ONE (1) BENADRYL®  20ct, 24ct or 4oz product. Excludes topical, trial &amp; travel sizes"
"Save $0.50 Energizer® Batteries when you buy one (1) pack of Energizer® Batteries, any variety or size"
"Save $3.00 On Bic Disposable Razors When you Buy ONE (1) 1 ct. Hybrid with 6 Cartridges, 2 ct. Flex5, 3 ct. Flex4, Simply Soleil Bella, 4 ct. Flex3 (Excluding 1 ct. Hybrid with 12 Cartridges and 1 ct. Flex5 Hybrid with 6 Cartridges)"
"Save $.50 On Post Cereal When you Buy ONE (1) Honey-Comb or Golden Crisp, 12.5 to 14.75-oz. box  *Redeem up to 4 offers for a total of 4 boxes in a single order"
"Save $1.00 On Atkins Meal Bars When you Buy TWO (2), Any Variety (Excluding Day Snack Bars), 8.47-10.6 oz. tot. wt. pkg. *Redeem up to 4 offers for a total of 8 boxes in a single order."
"Save $2.00 On Canada Dry Ginger Ale or 7-Up 6-Pack When you Buy FOUR (4) 16.9-oz. Bottles, 101.4-oz. tot. wt. btls. (Plus Dep. or Fee Where Req.)"
"Save $1.00 On Friendly's Ice Cream or Dairy Desserts When you Buy ONE (1), Any Variety (Excluding Naturally), 48 oz. cont. *Redeem up to 4 offers for a total of 4 conts. in a single order."
Save $2.00 On One-A-Day Vitamins When you Buy ONE (1) 50-200 ct. btl.
"Save $1.00 On Hartz Ultra Guard Flea &amp; Tick When you Buy ONE(1) drops for dogs, 4 lbs. - over 60 lbs., monthly drop treatment.  3 applications per package.   .12oz - .60oz. tot wght pkg."
Save $1.50 On Bubbies Mochi Ice Cream Mochi When you Buy ONE (1) 6 Count Box
Save $1.50 on Bubbies Ice Cream Cookie Dough Ice Cream Bites When you Buy ONE (1) 6 Count Box
"Save $3.00 on Huggies® Special Delivery™ Diapers When you buy ONE (1) Package of Huggies® Special Delivery™ Diapers, any variety (17ct. or higher)"
"Save $1.00 on Raised &amp; Rooted When you buy ONE (1) Raised &amp; Rooted Nugget, any variety or size"
"Save $2.00 on PULL-UPS® Training Pants When you buy ONE (1) Bag of PULL-UPS® Training Pants, any variety (27 ct. or lower). Not valid on trial packs."
"Save $1.00 on Huggies® Special Delivery™ Wipes When you buy ONE (1) Package of Huggies® Special Delivery™ Wipes, any variety (56 ct. or higher)"
"Save $3.00 on PULL-UPS® Training Pants When you buy ONE (1) Box of PULL-UPS® Training Pants, any variety (40 ct. or higher)"
"Save $0.40 on Lipton® Tea Products When you buy on ONE (1) Lipton® TeaBags,K-Cup®, Liquid or Powdered Iced Tea Mix product, any variety or size"
Save $2.00 on 2 Mariani Dried Fruit when you buy any TWO (2) Mariani Dried Fruit Items any variety 3.5 oz and larger
"Save $3.00 on BIC® Razors when you buy ONE (1) BIC® Soleil®, BIC® Flex™ or BIC® Comfort 3® Hybrid Disposable Razor Pack (excludes trial &amp; travel sizes)"
Save $2.00 On Bayer Aspirin When you Buy ONE (1) 200-300 ct. btl.
Save $0.50 on Dole® Products when you buy ONE (1) Dole® Acai Bowl or Spoonable Smoothie
"Save $1.00 on 2 Reese's bars When you buy TWO (2) Reese's Standard or King Size bars, any variety"
SAVE $5.00 when you make a purchase of $25 or more (pre-tax) at a Dollar General Location 5/30/20 ONLY
"SAVE $2.00 when you PURCHASE $10 of M&amp;M’S® Chocolate Candies, all varieties, .72-10.7oz"
SAVE $1.00 on ONE Gain Flings 14 ct OR Gain Liquid Laundry Detergent 40 oz OR Gain Powder 34 oz (excludes travel/trial size)
SAVE $1.00 ONE Charmin Toilet Paper Product 4 ct or larger (excludes single rolls).
SAVE $1.00 on ANY THREE (3) participating Coca-Cola® single serve products
SAVE $1.00 ONE Bounty Paper Towel Product 4 ct or larger (includes Double Plus Roll).
SAVE $1.00 on ONE Gain Liquid Fabric Enhancer OR Gain Fireworks OR Gain Sheets (excludes travel/trial size)
"BUY 4 GET 1 FREE Buy FOUR (4) Gatorade® 32oz, Get ONE (1) Gatorade® 32oz FREE (Max Value $1.00)"
"SAVE $1.00 on ONE Downy Liquid Fabric Enhancer 48-60 ld, OR Bounce/Downy 90-10 5ct OR In-Wash Scent Boosters 5.7-6.50 oz (includes Downy Unstopables, Fresh Protect OR Infusions), OR Downy WrinkleGuard 25 oz (excludes travel/trial size)"
SAVE $1.00 when you buy any TWO (2) NABISCO Cookies or Crackers (6-20.5 oz.)
SAVE $1.00 TWO Mr Clean Products (excludes trial/travel size).
$0.50 OFF ONE (1) Aquafina® 20oz bottle
SAVE $2.00 ONE Tide Liquid Detergent 69-75 oz OR Tide PODS 23-31 ct OR Dreft 40 oz (excludes travel/trial size)
SAVE $0.50 on any ONE (1) Cottonelle® Flushable Cleansing Cloth (42 ct or higher)
$0.50 OFF any ONE (1) 52 oz. TROPICANA PURE PREMIUM® bottle
"SAVE $1.00 ONE Dawn Ultra Dishwashing Liquid 34 oz or larger OR Dawn Platinum Powerwash Spray OR Dawn Platinum Foam 10.1 oz - 16 oz (excludes Special Value, Simply Clean and trial/travel size)."
SAVE $3.00 ONE Gillette Disposable 2 ct or larger (excludes Sensor 2 ct and Venus Products).
"SAVE $1.00 ONE Crest Toothpaste 3 oz or more (excludes 4.6 oz Crest Cavity, Regular, Base Baking Soda, Tartar Control/Protection, F&amp;W Pep Gleem, Gum Detoxify and Gum Enamel variants, Whitening Therapy variants, Kids and trial/travel size)."
SAVE $3.00 ONE Venus OR Daisy Disposable 2 ct or larger (excludes Daisy 2 ct).
"BUY (1), GET (1) FREE Buy ONE (1) SHEBA® PERFECT PORTIONS™ Premium Cat Food (up to $0.89) and get ONE (1) FREE"
SAVE $0.50 on ANY ONE (1) bottle of Pine-Sol® 40oz+
BUY TWO GET ONE FREE Buy any TWO (2) Twizzlers (9oz. - 10oz.) Get ONE FREE (Max Savings $1.50)
SAVE $3.00 on ONE (1) PEAK® Long Life 50/50 Antifreeze/Coolant 1 Gallon
"SAVE $3.00 TWO Head &amp; Shoulders Products (excludes Royal Oils, Men's Styling &amp; trial/travel size)."
SAVE $1.00 When you buy any TWO (2) Nestlé® Frozen Novelties 4ct or larger
"SAVE $1.00 ONE Pantene Product including Gold Series Collection (excludes trial/travel Size, Single Count Intense Rescue Shot, and One Step Nourishing Mask)."
SAVE $1.00 off ONE (1) all® liquid laundry detergent free clear (58 loads/88oz.)
SAVE $1.00 When you buy any TWO (2) Outshine® fruit bars 4ct or larger
SAVE $0.50 on any ONE (1) pack of Energizer® Batteries
"SAVE $0.50 ONE Cascade Dishwasher Detergent, Rinse Aid OR Dishwasher Cleaner (excludes ActionPacs 30 ct or larger and trial/travel size)."
"SAVE $3.00 TWO Herbal Essences bio:renew Shampoo, Conditioner OR Styling Products (excludes Masks, 100 mL Shampoo and Conditioners, Color, Body Wash and trial/travel size)."
$2.00 OFF any ONE (1) Air Wick® Essential Mist™ Starter Kit
"SAVE $1.00 on ONE (1) 35 lb bag of Dog Chow® Dry Dog Food, any variety"
SAVE $1.00 ONE Cascade ActionPacs Dishwasher Detergent 30 ct or larger (excludes trial/travel size).
"SAVE $1.00 on any TWO (2) bags of HERSHEY'S Kisses, Miniatures, or Nuggets (7.7 oz - 8.4 oz)"
SAVE 75¢ when you buy one (1) Lipton® 12pk of 16.9oz bottles OR one (1) 128oz Jug
SAVE $0.50 off ONE (1) jar of Pace® Salsa or Picante Sauce
"SAVE $2.00 TWO Herbal Essences Shampoo, Conditioner OR Styling Products (excludes bio:renew, Color, Body Wash and trial/travel size)."
"SAVE $1.50 on any ONE (1) Glade® 3-Wick Candles, Twin Pack 3.4oz Candles, PIugIn® Scented Oil Refill Pack, or Large Automatic Refills Only (Excludes 1 Count 3.4oz Candles and PlugIns® Scented Oil Warmer Only packs)"
SAVE $1.00 ONE Fixodent Adhesive 1.4 oz OR larger (excludes trial/travel size).
"SAVE $2.00 TWO Aussie Shampoo, Conditioner, OR Styling Products (excludes Masks, trial/travel size)."
$1.00 OFF ONE (1) Dial® Body Wash 20/21oz or Tone® Body Wash 16oz (excludes trial/travel sizes)
SAVE $1.00 off ONE (1) Snuggle® Island Exhilarations Liquid Fabric Softener  (112 loads/96oz.)
SAVE 55¢ on any ONE (1) Raid® product&nbsp;(excludes Raid® Club Packs and Twin Packs)
"$1.00 OFF ANY ONE (1) Garnier Fructis, Whole Blends or SkinActive product"
"SAVE $3.00 ONE Crest Gum Detoxify, Gum &amp; Enamel Repair, OR Gum &amp; Sensitivity 3.0 oz or larger (excludes all other variants, kids, and trial/travel size)."
$1.00 OFF any ONE (1) Air Wick® Essential Mist™ Refill
SAVE $1.00 ONE Crest Mouthwash 473 mL (16 oz) or larger (excludes trial/travel size).
SAVE $2.00 on any ONE (1) Aleve® or Aleve®PM product 40ct. or larger (excludes Aleve-D®)
SAVE $1.00 on any ONE (1) 12 ct. assorted flavors CESAR® Wet Dog Food
"GET $2.00 off any ONE (1) Bag of PULL-UPS® Training Pants (27 ct. or lower, not valid on trial packs)"
SAVE $1.00 On TWO (2) EXTRA® REFRESHERS 40CT Bottles
SAVE 50¢ on any ONE (1) Jack Link's® Beef Jerky 5.85 oz.
SAVE $1.00 ONE Old Spice Hair Product (excludes trial/travel size).
SAVE $4.00 off ONE (1) Schick® Hydro Silk3® or Intuition® Razor or Refill (excl.Schick®Disposables)
"SAVE $2.00 ONE Gillette Razor (excludes Disposables, Venus Products and trial/travel size)."
SAVE $2.00 ONE Venus Razor (excludes disposables).
"SAVE $4.00 when you buy ONE (1) Adult ZYRTEC® product, any variety (24-45ct). Excludes trial &amp; travel sizes"
SAVE $1.00 ONE Prilosec OTC Product.
"SAVE 55¢ on any ONE (1) OFF!® Product&nbsp;(Excludes Club Packs, Twin Packs, 2 oz. and 2.5oz. OFF!® Products)"
SAVE $2.50 on ONE Fixodent Cleanser Tabs when you buy ONE Fixodent Ultra Max Hold Denture Adhesive (excludes trial/travel size)
"SAVE $1.00 on Any ONE (1) BENADRYL® 20ct, 24ct or 4oz product (excludes topical, trial &amp; travel sizes)"
$5.00 OFF on any ONE (1) Osteo Bi-Flex® product (28ct or larger)
SAVE $3.00 ONLY On Colgate® Optic White® Renewal Toothpaste (3.0 oz. or larger)
"SAVE $5.00 on TWO Pantene Pro-V Ingredients OR Rescue Shots Products (excludes Gold Series Collection, Single Count Intense Rescue Shot, One Step Nourishing Mask and trial/travel size)"
"$4.00 OFF on ONE (1) Allegra® Allergy 24ct or larger, Allegra-D®, or Children's Allegra® Product"
SAVE $3.00 ONE (1) Nexium® 24HR 28ct or larger
$0.50 OFF ONE (1) bag of Bridgford Sweet Baby Ray’s Sausage Sticks 6oz
SAVE $1.00 on ONE (1) NIVEA® Body Wash 20 fl. oz.
SAVE $3.00 off any ONE (1) Children's Claritin® Syrup 4oz or larger
SAVE $0.50 On One (1) Can of Fix-a-Flat® 16 oz.
SAVE 75¢ when you buy ONE (1) bubly™ sparkling water 8 pack
"SAVE $2.00 off any ONE (1) Banana Boat® or Hawaiian Tropic® Sun Care Product (excludes 1 oz., 1.8 oz., 2 oz., lip balm &amp; trial sizes)"
SAVE $3.00 off ONE (1) Claritin® 20ct
$4.00 OFF on any ONE (1) 12ct. multipack SHEBA® PERFECT PORTIONS™ Premium Cat Food
$1.00 OFF any ONE (1) FINISH® Automatic Dishwasher Detergent Max in 1® 24ct. or QUANTUM® 22 ct.
SAVE $1.00 ONE Oral-B Special Care Oral Rinse 237 mL (excludes trial/travel size).
SAVE $0.50 off ONE (1) MAXWELL HOUSE Iced Coffee can
"SAVE $1.00 on ANY ONE (1) bag of NEW Kingsford® Wood Pellets, Classic Blend of Hickory, Oak, and Cherry"
SAVE $2.00 when you spend $6.00 on any Degree products
SAVE $2.00 when you spend $6 on any Quaker Products
SAVE $1.00 when you buy ONE (1) 28 oz.TRESemmé® product.
SAVE $1.00 on DGH Auto Spray Refills Twin Packs
SAVE $3.00 when you spend $10 on any Bayer Consumer Health Products
"BUY TWO GET ONE Buy ONE (1) SOUR PATCH KIDS or SWEDISH FISH Candy (4 oz. or larger) and ONE (1) Crush Soda (20 oz.), get ONE (1) Crush Soda FREE (20 oz.)"
SAVE $2.00 when you buy $7 worth of participating REESE’S brand candy
SAVE $5.00 on any Gain scented purchase of $30 or more
SAVE $1.00 when you buy any ONE (1) NEW AXE product
"BUY TWO GET ONE Buy ONE (1) CHIPS AHOY! Cookies (9.5-19.5 oz.) and ONE (1) SOUR PATCH KIDS Candy (4 oz. or larger), get ONE (1) SOUR PATCH KIDS CHIPS AHOY! Cookies FREE (8 oz.;)"
SAVE $2.00 when you spend $6 on all Suave® products